research_status,decision_unit_id,governed_project_name,presentation_category,source_department,source_domain,candidate_source_title,source_url,arcgis_item_id,arcgis_service_id,layer_id,feature_object_id,source_agency,geometry_type,geometry_origin,source_date,last_updated_date,historically_compatible_with_2026_01_21,historical_fit_judgment,match_identifiers,match_method,match_confidence,ambiguity_flag,ambiguity_notes,multiple_possible_features,governance_eligibility,display_role,secondary_evidence,research_notes
CANDIDATE / RESEARCH / NOT YET GOVERNED,community-facilities/acme/asian-american-resource-center,Asian American Resource Center,Community Facilities,ACME,Cultural / ACME,APR_CIP_Points,https://services.arcgis.com/0L95CJ0VTaxqcmED/arcgis/rest/services/APR_CIP_Points/FeatureServer/0,01518974d257431885f54906cfa545b9,APR_CIP_Points,0,1,City of Austin,point,source-native,,2026-01-13T03:10:22Z,YES_PRE_SNAPSHOT,YES_PRE_SNAPSHOT: APR CIP item modified 2026-01-13,SUB_PROJECT_ID 7523.006; Asian American Resource Center Phase 2; 8401 Cameron Rd,Direct official capital-project/facility linkage,HIGH,false,,true,ELIGIBLE_FOR_GOVERNANCE_REVIEW,OFFICIAL_PROJECT_DISPLAY_POINT,,Existing-facility/project-site evidence; do not imply a capital construction footprint.
CANDIDATE / RESEARCH / NOT YET GOVERNED,community-facilities/acme/dougherty-arts-center,Dougherty Arts Center,Community Facilities,ACME,Cultural / ACME,APR_CIP_Points,https://services.arcgis.com/0L95CJ0VTaxqcmED/arcgis/rest/services/APR_CIP_Points/FeatureServer/0,01518974d257431885f54906cfa545b9,APR_CIP_Points,0,46,City of Austin,point,source-native,,2026-01-13T03:10:22Z,YES_PRE_SNAPSHOT,YES_PRE_SNAPSHOT: APR CIP item modified 2026-01-13,SUB_PROJECT_ID 896.003; Dougherty Arts Center Facility Replacement,Direct official capital-project/facility linkage,HIGH,false,,true,ELIGIBLE_FOR_GOVERNANCE_REVIEW,OFFICIAL_PROJECT_DISPLAY_POINT,,Existing-facility/project-site evidence; do not imply a capital construction footprint.
CANDIDATE / RESEARCH / NOT YET GOVERNED,community-facilities/acme/elizabet-ney-museum,Elizabet Ney Museum ADA Restroom and Storage Facility,Community Facilities,ACME,Cultural / ACME,BOUNDARIES_city_of_austin_parks,https://services.arcgis.com/0L95CJ0VTaxqcmED/arcgis/rest/services/BOUNDARIES_city_of_austin_parks/FeatureServer/0,8a140d1a6bfc46a8b34d2ba3e1db1c9d,BOUNDARIES_city_of_austin_parks,0,323,City of Austin,polygon,source-native,,2026-04-23T16:03:46Z,CONDITIONAL_STABLE_LOCATION,CONDITIONAL_STABLE_LOCATION: established museum site is stable; boundary refreshed after snapshot,Elisabet Ney Museum; 304 E 44th St; PARD also has separate museum and storage asset points,"Exact facility site, but governed ADA-restroom/storage project spans multiple possible asset features",MEDIUM,true,The museum polygon is contextual; precise restroom/storage construction footprint is unresolved.,true,NEEDS_MORE_EVIDENCE,FACILITY_SITE_CONTEXT,,The museum polygon is contextual; precise restroom/storage construction footprint is unresolved.
CANDIDATE / RESEARCH / NOT YET GOVERNED,community-facilities/acme/george-washington-carver-museum,George Washington Carver Museum Phase 1a and 1b,Community Facilities,ACME,Cultural / ACME,APR_CIP_Points,https://services.arcgis.com/0L95CJ0VTaxqcmED/arcgis/rest/services/APR_CIP_Points/FeatureServer/0,01518974d257431885f54906cfa545b9,APR_CIP_Points,0,64,City of Austin,point,source-native,,2026-01-13T03:10:22Z,YES_PRE_SNAPSHOT,YES_PRE_SNAPSHOT: APR CIP item modified 2026-01-13,SUB_PROJECT_ID 5144.012; Carver Facility Expansion Phase 1A & 1B,Direct official capital-project/name linkage,HIGH,false,,true,ELIGIBLE_FOR_GOVERNANCE_REVIEW,OFFICIAL_PROJECT_DISPLAY_POINT,,Existing-facility/project-site evidence; do not imply a capital construction footprint.
CANDIDATE / RESEARCH / NOT YET GOVERNED,community-facilities/acme/mexican-american-cultural-center,Mexican American Cultural Center,Community Facilities,ACME,Cultural / ACME,APR_CIP_Points,https://services.arcgis.com/0L95CJ0VTaxqcmED/arcgis/rest/services/APR_CIP_Points/FeatureServer/0,01518974d257431885f54906cfa545b9,APR_CIP_Points,0,79,City of Austin,point,source-native,,2026-01-13T03:10:22Z,YES_PRE_SNAPSHOT,YES_PRE_SNAPSHOT: APR CIP item modified 2026-01-13,SUB_PROJECT_ID 5201.008; Mexican American Cultural Center Phase 2,Direct official capital-project/facility linkage,HIGH,false,,true,ELIGIBLE_FOR_GOVERNANCE_REVIEW,OFFICIAL_PROJECT_DISPLAY_POINT,,Existing-facility/project-site evidence; do not imply a capital construction footprint.
CANDIDATE / RESEARCH / NOT YET GOVERNED,community-facilities/acme/old-bakery-and-emporium,Old Bakery and Emporium,Community Facilities,ACME,Cultural / ACME,APR_CIP_Points,https://services.arcgis.com/0L95CJ0VTaxqcmED/arcgis/rest/services/APR_CIP_Points/FeatureServer/0,01518974d257431885f54906cfa545b9,APR_CIP_Points,0,52,City of Austin,point,source-native,,2026-01-13T03:10:22Z,YES_PRE_SNAPSHOT,YES_PRE_SNAPSHOT: APR CIP item modified 2026-01-13,SUB_PROJECT_ID 7562.005; Old Bakery and Emporium Historic Structures Report,Direct official capital-project/facility linkage,HIGH,false,,true,ELIGIBLE_FOR_GOVERNANCE_REVIEW,OFFICIAL_PROJECT_DISPLAY_POINT,,Existing-facility/project-site evidence; do not imply a capital construction footprint.
CANDIDATE / RESEARCH / NOT YET GOVERNED,community-facilities/acme/zilker-hillside-theatre,Zilker Hillside Theatre,Community Facilities,ACME,Cultural / ACME,City of Austin PARD official special-event sites list,https://www.austintexas.gov/sites/default/files/files/Parks/Special_Events/policies/special%20event%20sites%20list.pdf,,,,,City of Austin,address-only,none,official facility record; publication date not stated,,CONDITIONAL_STABLE_LOCATION,"CONDITIONAL_STABLE_LOCATION: official address 2206 William Barton Dr identifies the established theatre, but no source-native theatre geometry was found",Zilker Hillside Theatre; 2206 William Barton Dr,Exact official facility name/address; address not geocoded in this investigation,MEDIUM,false,,false,NEEDS_MORE_EVIDENCE,UNMAPPED_OFFICIAL_ADDRESS,,A future authoritative geocode must be labeled derived geometry; do not substitute the nearby PARD restroom point or Zilker Park centroid.
CANDIDATE / RESEARCH / NOT YET GOVERNED,community-facilities/animal-services/campus-improvements,Animal Service Center Campus Improvements,Community Facilities,Animal Services,Animal Services,AFM Managed Facilities JUN26,https://services.arcgis.com/0L95CJ0VTaxqcmED/arcgis/rest/services/AFM_Managed_Facilities_JUN26/FeatureServer/0,534c086c90eb403cbc952ebe9578c9e9,AFM_Managed_Facilities_JUN26,0,136,City of Austin,point,source-native,,2026-06-12T13:29:49Z,CONDITIONAL_STABLE_LOCATION,CONDITIONAL_STABLE_LOCATION: AFM layer published after snapshot; existing campus location is stable,Austin Animal Center; 7201 Levander Loop,Exact official facility name/address linkage,HIGH,false,,false,ELIGIBLE_FOR_GOVERNANCE_REVIEW,FACILITY_SITE_CONTEXT,,Existing-facility/project-site evidence; do not imply a capital construction footprint.
CANDIDATE / RESEARCH / NOT YET GOVERNED,community-facilities/ems/demand-station-1,ATCEMS Demand Station #1 (401 E 5th St),Community Facilities,EMS,Emergency Medical Services,atcems_stations,https://services.arcgis.com/0L95CJ0VTaxqcmED/arcgis/rest/services/atcems_stations/FeatureServer/0,0dec1c67e73c4e82983eea76702cc703,atcems_stations,0,48,City of Austin,point,source-native,,2025-10-01T17:40:49Z,NO_UNRESOLVED_CONFLICT,NO_UNRESOLVED_CONFLICT: official sources disagree on identity/address,Demand 01 at 2006 E 4th St; governed name embeds 401 E 5th St; AFM separately labels 401 E 5th as EMS Station 06 and 411 Chicon as EMS Demand 1,Exact demand identifier conflicts with governed address and later official facility inventory,MEDIUM,true,Do not display any candidate until EMS resolves the governed 401 E 5th address versus Demand 01 labels.,true,NEEDS_MORE_EVIDENCE,CONFLICTING_FACILITY_LOCATION,,Do not display any candidate until EMS resolves the governed 401 E 5th address versus Demand 01 labels.
CANDIDATE / RESEARCH / NOT YET GOVERNED,community-facilities/ems/demand-station-2,ATCEMS Demand Station #2,Community Facilities,EMS,Emergency Medical Services,atcems_stations,https://services.arcgis.com/0L95CJ0VTaxqcmED/arcgis/rest/services/atcems_stations/FeatureServer/0,0dec1c67e73c4e82983eea76702cc703,atcems_stations,0,1,City of Austin,point,source-native,,2025-10-01T17:40:49Z,NO_UNRESOLVED_CONFLICT,NO_UNRESOLVED_CONFLICT: pre-snapshot EMS layer and post-snapshot AFM inventory disagree,Demand 02 at 12010 Brodie Ln; later AFM inventory labels 415 W 2nd St as EMS Demand 02,Exact demand identifier appears at conflicting official locations,MEDIUM,true,Do not display either point until the historical Demand 02 identity is resolved.,true,NEEDS_MORE_EVIDENCE,CONFLICTING_FACILITY_LOCATION,,Do not display either point until the historical Demand 02 identity is resolved.
CANDIDATE / RESEARCH / NOT YET GOVERNED,community-facilities/ems/demand-station-3,ATCEMS Demand Station #3 (1705 S Congress Ave),Community Facilities,EMS,Emergency Medical Services,atcems_stations,https://services.arcgis.com/0L95CJ0VTaxqcmED/arcgis/rest/services/atcems_stations/FeatureServer/0,0dec1c67e73c4e82983eea76702cc703,atcems_stations,0,2,City of Austin,point,source-native,,2025-10-01T17:40:49Z,YES_PRE_SNAPSHOT,YES_PRE_SNAPSHOT: EMS layer modified 2025-10-01,Demand 03; 1705 S Congress Ave,Exact demand-station number and governed address,HIGH,false,,false,ELIGIBLE_FOR_GOVERNANCE_REVIEW,FACILITY_SITE_CONTEXT,,Existing-facility/project-site evidence; do not imply a capital construction footprint.
CANDIDATE / RESEARCH / NOT YET GOVERNED,community-facilities/ems/demand-station-4,ATCEMS Demand Station #4,Community Facilities,EMS,Emergency Medical Services,atcems_stations,https://services.arcgis.com/0L95CJ0VTaxqcmED/arcgis/rest/services/atcems_stations/FeatureServer/0,0dec1c67e73c4e82983eea76702cc703,atcems_stations,0,3,City of Austin,point,source-native,,2025-10-01T17:40:49Z,YES_PRE_SNAPSHOT,YES_PRE_SNAPSHOT: EMS layer modified 2025-10-01,Demand 04; 15 Waller St,Exact official demand-station identifier,HIGH,false,,false,ELIGIBLE_FOR_GOVERNANCE_REVIEW,FACILITY_SITE_CONTEXT,,Existing-facility/project-site evidence; do not imply a capital construction footprint.
CANDIDATE / RESEARCH / NOT YET GOVERNED,community-facilities/ems/demand-station-9,ATCEMS Demand Station #9,Community Facilities,EMS,Emergency Medical Services,Official 2026 Bond source plus relevant City facility/project GIS layers searched,https://services.austintexas.gov/edims/document.cfm?id=466344,,,,,City of Austin,no geometry,none,sources through 2026-09-08 research date,,NO_PROJECT_SITE_ESTABLISHED,"NO_PROJECT_SITE_ESTABLISHED: proposed/new facility, acquisition program, or generic program record has no defensible project-specific location",ATCEMS Demand Station #9,"Exact-name, department, facility, capital-project, address, and GIS searches produced no unique project geometry",NO_MATCH,false,,false,REMAIN_UNMAPPED,UNMAPPED,,"Remain explicitly unmapped; do not use district, ZIP, neighborhood, department HQ, or similarly named facility centroids."
CANDIDATE / RESEARCH / NOT YET GOVERNED,community-facilities/ems/station-03,ATCEMS Station #03 (1305 Red River St),Community Facilities,EMS,Emergency Medical Services,atcems_stations,https://services.arcgis.com/0L95CJ0VTaxqcmED/arcgis/rest/services/atcems_stations/FeatureServer/0,0dec1c67e73c4e82983eea76702cc703,atcems_stations,0,17,City of Austin,point,source-native,,2025-10-01T17:40:49Z,YES_PRE_SNAPSHOT,YES_PRE_SNAPSHOT: EMS layer modified 2025-10-01,Station 03; 1305 Red River St,Exact station number and governed address,HIGH,false,,false,ELIGIBLE_FOR_GOVERNANCE_REVIEW,FACILITY_SITE_CONTEXT,,Existing-facility/project-site evidence; do not imply a capital construction footprint.
CANDIDATE / RESEARCH / NOT YET GOVERNED,community-facilities/ems/station-14,ATCEMS Station #14 (7200 Berkman Dr),Community Facilities,EMS,Emergency Medical Services,atcems_stations,https://services.arcgis.com/0L95CJ0VTaxqcmED/arcgis/rest/services/atcems_stations/FeatureServer/0,0dec1c67e73c4e82983eea76702cc703,atcems_stations,0,27,City of Austin,point,source-native,,2025-10-01T17:40:49Z,YES_PRE_SNAPSHOT,YES_PRE_SNAPSHOT: EMS layer modified 2025-10-01,Station 14; 7200 Berkman Dr,Exact station number and governed address,HIGH,false,,false,ELIGIBLE_FOR_GOVERNANCE_REVIEW,FACILITY_SITE_CONTEXT,,Existing-facility/project-site evidence; do not imply a capital construction footprint.
CANDIDATE / RESEARCH / NOT YET GOVERNED,community-facilities/fire/education-building-b,Education Building B,Community Facilities,Fire,Fire,Official 2026 Bond facility source and departmental facility GIS reviewed,https://services.austintexas.gov/edims/document.cfm?id=456140,,,,,City of Austin,no geometry,none,2025-08-13 / 2026-01-21 source set,,INSUFFICIENT_PROJECT_LINKAGE,INSUFFICIENT_PROJECT_LINKAGE: contextual location is stable but not tied to the governed decision unit,Education Building B; official fire/training datasets contain only generic campus/training context,Generic departmental context is not a project-specific facility identifier,LOW,true,"A plausible campus/facility context exists, but no unique project site is proven.",false,NOT_ELIGIBLE,UNMAPPED,,LOW confidence is not suitable for production pins.
CANDIDATE / RESEARCH / NOT YET GOVERNED,community-facilities/fire/station-14,Fire Station 14 Renovation,Community Facilities,Fire,Fire,LOCATION_fire_stations,https://services.arcgis.com/0L95CJ0VTaxqcmED/arcgis/rest/services/LOCATION_fire_stations/FeatureServer/0,1315ce99a0c84d4ab83f136a6e90a3e5,LOCATION_fire_stations,0,126,City of Austin,point,source-native,,2025-09-30T16:15:22Z,YES_PRE_SNAPSHOT,YES_PRE_SNAPSHOT: fire station layer modified 2025-09-30,Fire Station 14; 4305 Airport Blvd,Exact official station number,HIGH,false,,false,ELIGIBLE_FOR_GOVERNANCE_REVIEW,FACILITY_SITE_CONTEXT,,Existing-facility/project-site evidence; do not imply a capital construction footprint.
CANDIDATE / RESEARCH / NOT YET GOVERNED,community-facilities/fire/station-15,Fire Station 15 Renovation,Community Facilities,Fire,Fire,LOCATION_fire_stations,https://services.arcgis.com/0L95CJ0VTaxqcmED/arcgis/rest/services/LOCATION_fire_stations/FeatureServer/0,1315ce99a0c84d4ab83f136a6e90a3e5,LOCATION_fire_stations,0,75,City of Austin,point,source-native,,2025-09-30T16:15:22Z,YES_PRE_SNAPSHOT,YES_PRE_SNAPSHOT: fire station layer modified 2025-09-30,Fire Station 15; 829 Airport Blvd,Exact official station number,HIGH,false,,false,ELIGIBLE_FOR_GOVERNANCE_REVIEW,FACILITY_SITE_CONTEXT,,Existing-facility/project-site evidence; do not imply a capital construction footprint.
CANDIDATE / RESEARCH / NOT YET GOVERNED,community-facilities/fire/station-20,Fire Station 20 Renovation,Community Facilities,Fire,Fire,LOCATION_fire_stations,https://services.arcgis.com/0L95CJ0VTaxqcmED/arcgis/rest/services/LOCATION_fire_stations/FeatureServer/0,1315ce99a0c84d4ab83f136a6e90a3e5,LOCATION_fire_stations,0,48,City of Austin,point,source-native,,2025-09-30T16:15:22Z,YES_PRE_SNAPSHOT,YES_PRE_SNAPSHOT: fire station layer modified 2025-09-30,Fire Station 20; 6601 Menchaca Rd,Exact official station number,HIGH,false,,false,ELIGIBLE_FOR_GOVERNANCE_REVIEW,FACILITY_SITE_CONTEXT,,Existing-facility/project-site evidence; do not imply a capital construction footprint.
CANDIDATE / RESEARCH / NOT YET GOVERNED,community-facilities/fire/station-26,Fire Station 26 Expansion,Community Facilities,Fire,Fire,LOCATION_fire_stations,https://services.arcgis.com/0L95CJ0VTaxqcmED/arcgis/rest/services/LOCATION_fire_stations/FeatureServer/0,1315ce99a0c84d4ab83f136a6e90a3e5,LOCATION_fire_stations,0,105,City of Austin,point,source-native,,2025-09-30T16:15:22Z,YES_PRE_SNAPSHOT,YES_PRE_SNAPSHOT: fire station layer modified 2025-09-30,Fire Station 26; 6702 Wentworth Dr,Exact official station number,HIGH,false,,false,ELIGIBLE_FOR_GOVERNANCE_REVIEW,FACILITY_SITE_CONTEXT,,Existing-facility/project-site evidence; do not imply a capital construction footprint.
CANDIDATE / RESEARCH / NOT YET GOVERNED,community-facilities/fleet/consolidated-service-center,Consolidated Fleet Service Center (South/Southeast),Community Facilities,Fleet Services,Fleet Services,Official 2026 Bond source plus relevant City facility/project GIS layers searched,https://services.austintexas.gov/edims/document.cfm?id=456140,,,,,City of Austin,no geometry,none,sources through 2026-09-08 research date,,NO_PROJECT_SITE_ESTABLISHED,"NO_PROJECT_SITE_ESTABLISHED: proposed/new facility, acquisition program, or generic program record has no defensible project-specific location",Consolidated Fleet Service Center (South/Southeast),"Exact-name, department, facility, capital-project, address, and GIS searches produced no unique project geometry",NO_MATCH,false,,false,REMAIN_UNMAPPED,UNMAPPED,,"Remain explicitly unmapped; do not use district, ZIP, neighborhood, department HQ, or similarly named facility centroids."
CANDIDATE / RESEARCH / NOT YET GOVERNED,community-facilities/fleet/fuel-station-central,Fuel Station Central,Community Facilities,Fleet Services,Fleet Services,Official 2026 Bond source plus relevant City facility/project GIS layers searched,https://services.austintexas.gov/edims/document.cfm?id=456140,,,,,City of Austin,no geometry,none,sources through 2026-09-08 research date,,NO_PROJECT_SITE_ESTABLISHED,"NO_PROJECT_SITE_ESTABLISHED: proposed/new facility, acquisition program, or generic program record has no defensible project-specific location",Fuel Station Central,"Exact-name, department, facility, capital-project, address, and GIS searches produced no unique project geometry",NO_MATCH,false,,false,REMAIN_UNMAPPED,UNMAPPED,,"Remain explicitly unmapped; do not use district, ZIP, neighborhood, department HQ, or similarly named facility centroids."
CANDIDATE / RESEARCH / NOT YET GOVERNED,community-facilities/fleet/fuel-station-northwest,Fuel Station Northwest,Community Facilities,Fleet Services,Fleet Services,Official 2026 Bond source plus relevant City facility/project GIS layers searched,https://services.austintexas.gov/edims/document.cfm?id=456140,,,,,City of Austin,no geometry,none,sources through 2026-09-08 research date,,NO_PROJECT_SITE_ESTABLISHED,"NO_PROJECT_SITE_ESTABLISHED: proposed/new facility, acquisition program, or generic program record has no defensible project-specific location",Fuel Station Northwest,"Exact-name, department, facility, capital-project, address, and GIS searches produced no unique project geometry",NO_MATCH,false,,false,REMAIN_UNMAPPED,UNMAPPED,,"Remain explicitly unmapped; do not use district, ZIP, neighborhood, department HQ, or similarly named facility centroids."
CANDIDATE / RESEARCH / NOT YET GOVERNED,community-facilities/fleet/fuel-station-southeast,Fuel Station Southeast,Community Facilities,Fleet Services,Fleet Services,Official 2026 Bond source plus relevant City facility/project GIS layers searched,https://services.austintexas.gov/edims/document.cfm?id=456140,,,,,City of Austin,no geometry,none,sources through 2026-09-08 research date,,NO_PROJECT_SITE_ESTABLISHED,"NO_PROJECT_SITE_ESTABLISHED: proposed/new facility, acquisition program, or generic program record has no defensible project-specific location",Fuel Station Southeast,"Exact-name, department, facility, capital-project, address, and GIS searches produced no unique project geometry",NO_MATCH,false,,false,REMAIN_UNMAPPED,UNMAPPED,,"Remain explicitly unmapped; do not use district, ZIP, neighborhood, department HQ, or similarly named facility centroids."
CANDIDATE / RESEARCH / NOT YET GOVERNED,community-facilities/hso/north-austin-homeless-resource-center,North Austin Homeless Resource Center,Community Facilities,HSO,Homeless Strategy,Official 2026 Bond source plus relevant City facility/project GIS layers searched,https://services.austintexas.gov/edims/document.cfm?id=456140,,,,,City of Austin,no geometry,none,sources through 2026-09-08 research date,,NO_PROJECT_SITE_ESTABLISHED,"NO_PROJECT_SITE_ESTABLISHED: proposed/new facility, acquisition program, or generic program record has no defensible project-specific location",North Austin Homeless Resource Center,"Exact-name, department, facility, capital-project, address, and GIS searches produced no unique project geometry",NO_MATCH,false,,false,REMAIN_UNMAPPED,UNMAPPED,,"Remain explicitly unmapped; do not use district, ZIP, neighborhood, department HQ, or similarly named facility centroids."
CANDIDATE / RESEARCH / NOT YET GOVERNED,community-facilities/library/colony-park-branch-library,Colony Park Branch Library,Community Facilities,Austin Public Library,Libraries,Official 2026 Bond source plus relevant City facility/project GIS layers searched,https://services.austintexas.gov/edims/document.cfm?id=466344,,,,,City of Austin,no geometry,none,sources through 2026-09-08 research date,,NO_PROJECT_SITE_ESTABLISHED,"NO_PROJECT_SITE_ESTABLISHED: proposed/new facility, acquisition program, or generic program record has no defensible project-specific location",Colony Park Branch Library,"Exact-name, department, facility, capital-project, address, and GIS searches produced no unique project geometry",NO_MATCH,false,,false,REMAIN_UNMAPPED,UNMAPPED,,"Remain explicitly unmapped; do not use district, ZIP, neighborhood, department HQ, or similarly named facility centroids."
CANDIDATE / RESEARCH / NOT YET GOVERNED,community-facilities/library/hampton-oak-hill,Hampton at Oak Hill Branch Renovation and Expansion,Community Facilities,Austin Public Library,Libraries,APL Library Branches — Table,https://services.arcgis.com/0L95CJ0VTaxqcmED/arcgis/rest/services/APL_Library_Branches/FeatureServer/0,1573972e979b4c409fd80969321cff0d,APL_Library_Branches,0,32,City of Austin,point,source-native,,2025-03-11T19:15:50Z,YES_PRE_SNAPSHOT,YES_PRE_SNAPSHOT: library layer modified 2025-03-11,Hampton Branch at Oak Hill; 5125 Convict Hill Road,Exact official branch name and address,HIGH,false,,false,ELIGIBLE_FOR_GOVERNANCE_REVIEW,FACILITY_SITE_CONTEXT,,Existing-facility/project-site evidence; do not imply a capital construction footprint.
CANDIDATE / RESEARCH / NOT YET GOVERNED,community-facilities/library/milwood-branch,Milwood Branch Library Renovation and Expansion,Community Facilities,Austin Public Library,Libraries,APL Library Branches — Table,https://services.arcgis.com/0L95CJ0VTaxqcmED/arcgis/rest/services/APL_Library_Branches/FeatureServer/0,1573972e979b4c409fd80969321cff0d,APL_Library_Branches,0,33,City of Austin,point,source-native,,2025-03-11T19:15:50Z,YES_PRE_SNAPSHOT,YES_PRE_SNAPSHOT: library layer modified 2025-03-11,Milwood Branch; 12500 Amherst Drive,Exact official branch name and address,HIGH,false,,false,ELIGIBLE_FOR_GOVERNANCE_REVIEW,FACILITY_SITE_CONTEXT,,Existing-facility/project-site evidence; do not imply a capital construction footprint.
CANDIDATE / RESEARCH / NOT YET GOVERNED,community-facilities/municipal-court/customer-service-center,Municipal Court Customer Service Center,Community Facilities,Municipal Court,Municipal Court,Official 2026 Bond source plus relevant City facility/project GIS layers searched,https://services.austintexas.gov/edims/document.cfm?id=456140,,,,,City of Austin,no geometry,none,sources through 2026-09-08 research date,,NO_PROJECT_SITE_ESTABLISHED,"NO_PROJECT_SITE_ESTABLISHED: proposed/new facility, acquisition program, or generic program record has no defensible project-specific location",Municipal Court Customer Service Center,"Exact-name, department, facility, capital-project, address, and GIS searches produced no unique project geometry",NO_MATCH,false,,false,REMAIN_UNMAPPED,UNMAPPED,,"Remain explicitly unmapped; do not use district, ZIP, neighborhood, department HQ, or similarly named facility centroids."
CANDIDATE / RESEARCH / NOT YET GOVERNED,community-facilities/police/air-operations,Police Air Operations Facility,Community Facilities,Police,Police,Official 2026 Bond source plus relevant City facility/project GIS layers searched,https://services.austintexas.gov/edims/document.cfm?id=456140,,,,,City of Austin,no geometry,none,sources through 2026-09-08 research date,,NO_PROJECT_SITE_ESTABLISHED,"NO_PROJECT_SITE_ESTABLISHED: proposed/new facility, acquisition program, or generic program record has no defensible project-specific location",Police Air Operations Facility,"Exact-name, department, facility, capital-project, address, and GIS searches produced no unique project geometry",NO_MATCH,false,,false,REMAIN_UNMAPPED,UNMAPPED,,"Remain explicitly unmapped; do not use district, ZIP, neighborhood, department HQ, or similarly named facility centroids."
CANDIDATE / RESEARCH / NOT YET GOVERNED,community-facilities/police/canyon-creek-northwest,Canyon Creek Northwest Substation,Community Facilities,Police,Police,EXTERNAL_tcad_parcel,https://services.arcgis.com/0L95CJ0VTaxqcmED/arcgis/rest/services/EXTERNAL_tcad_parcel/FeatureServer/0,6f5f919cf5c948cfaa3b3c326af3fba3,EXTERNAL_tcad_parcel,0,284001,Travis County Appraisal District parcel data via City of Austin ArcGIS; project linkage by Austin Police Department,polygon,source-native,,2025-09-30T20:29:03Z,YES_PRE_SNAPSHOT,YES_PRE_SNAPSHOT: 2022 APD design record plus parcel layer modified 2025-09-30,APD design record: 9804 N FM 620 Rd; Parcel ID 0167370280; TCAD PID_10 0167370280,Exact official project address and parcel ID joined to unique official parcel feature,HIGH,false,,false,ELIGIBLE_FOR_GOVERNANCE_REVIEW,OFFICIAL_PROJECT_PARCEL,Official APD 2022 design record and site plan: https://services.austintexas.gov/edims/document.cfm?id=381512,The official APD design record uniquely identifies this parcel; parcel geometry is source-native and project-specific.
CANDIDATE / RESEARCH / NOT YET GOVERNED,community-facilities/police/central-west-substation,Central West Police Substation,Community Facilities,Police,Police,Official 2026 Bond source plus relevant City facility/project GIS layers searched,https://services.austintexas.gov/edims/document.cfm?id=456140,,,,,City of Austin,no geometry,none,sources through 2026-09-08 research date,,NO_PROJECT_SITE_ESTABLISHED,"NO_PROJECT_SITE_ESTABLISHED: proposed/new facility, acquisition program, or generic program record has no defensible project-specific location",Central West Police Substation,"Exact-name, department, facility, capital-project, address, and GIS searches produced no unique project geometry",NO_MATCH,false,,false,REMAIN_UNMAPPED,UNMAPPED,,"Remain explicitly unmapped; do not use district, ZIP, neighborhood, department HQ, or similarly named facility centroids."
CANDIDATE / RESEARCH / NOT YET GOVERNED,community-facilities/police/downtown-substation,Downtown Police Substation,Community Facilities,Police,Police,Official 2026 Bond source plus relevant City facility/project GIS layers searched,https://services.austintexas.gov/edims/document.cfm?id=456140,,,,,City of Austin,no geometry,none,sources through 2026-09-08 research date,,NO_PROJECT_SITE_ESTABLISHED,"NO_PROJECT_SITE_ESTABLISHED: proposed/new facility, acquisition program, or generic program record has no defensible project-specific location",Downtown Police Substation,"Exact-name, department, facility, capital-project, address, and GIS searches produced no unique project geometry",NO_MATCH,false,,false,REMAIN_UNMAPPED,UNMAPPED,,"Remain explicitly unmapped; do not use district, ZIP, neighborhood, department HQ, or similarly named facility centroids."
CANDIDATE / RESEARCH / NOT YET GOVERNED,community-facilities/police/northeast-substation,Northeast Police Substation,Community Facilities,Police,Police,Official 2026 Bond source plus relevant City facility/project GIS layers searched,https://services.austintexas.gov/edims/document.cfm?id=456140,,,,,City of Austin,no geometry,none,sources through 2026-09-08 research date,,NO_PROJECT_SITE_ESTABLISHED,"NO_PROJECT_SITE_ESTABLISHED: proposed/new facility, acquisition program, or generic program record has no defensible project-specific location",Northeast Police Substation,"Exact-name, department, facility, capital-project, address, and GIS searches produced no unique project geometry",NO_MATCH,false,,false,REMAIN_UNMAPPED,UNMAPPED,,"Remain explicitly unmapped; do not use district, ZIP, neighborhood, department HQ, or similarly named facility centroids."
CANDIDATE / RESEARCH / NOT YET GOVERNED,community-facilities/police/scenario-based-training,Scenario Based Training Facility,Community Facilities,Police,Police,Official 2026 Bond facility source and departmental facility GIS reviewed,https://services.austintexas.gov/edims/document.cfm?id=456140,,,,,City of Austin,no geometry,none,2025-08-13 / 2026-01-21 source set,,INSUFFICIENT_PROJECT_LINKAGE,INSUFFICIENT_PROJECT_LINKAGE: contextual location is stable but not tied to the governed decision unit,Scenario Based Training Facility; official source says adjacent to the Public Safety Training Campus on recently acquired land,Campus context does not establish the new project's parcel or footprint,LOW,true,"A plausible campus/facility context exists, but no unique project site is proven.",false,NOT_ELIGIBLE,UNMAPPED,,LOW confidence is not suitable for production pins.
CANDIDATE / RESEARCH / NOT YET GOVERNED,community-facilities/police/southwest-substation,Southwest Police Substation,Community Facilities,Police,Police,Official 2026 Bond source plus relevant City facility/project GIS layers searched,https://services.austintexas.gov/edims/document.cfm?id=456140,,,,,City of Austin,no geometry,none,sources through 2026-09-08 research date,,NO_PROJECT_SITE_ESTABLISHED,"NO_PROJECT_SITE_ESTABLISHED: proposed/new facility, acquisition program, or generic program record has no defensible project-specific location",Southwest Police Substation,"Exact-name, department, facility, capital-project, address, and GIS searches produced no unique project geometry",NO_MATCH,false,,false,REMAIN_UNMAPPED,UNMAPPED,,"Remain explicitly unmapped; do not use district, ZIP, neighborhood, department HQ, or similarly named facility centroids."
CANDIDATE / RESEARCH / NOT YET GOVERNED,community-facilities/public-health/colony-park,Colony Park Public Health Center,Community Facilities,Austin Public Health,Public Health,Official 2026 Bond source plus relevant City facility/project GIS layers searched,https://services.austintexas.gov/edims/document.cfm?id=466344,,,,,City of Austin,no geometry,none,sources through 2026-09-08 research date,,NO_PROJECT_SITE_ESTABLISHED,"NO_PROJECT_SITE_ESTABLISHED: proposed/new facility, acquisition program, or generic program record has no defensible project-specific location",Colony Park Public Health Center,"Exact-name, department, facility, capital-project, address, and GIS searches produced no unique project geometry",NO_MATCH,false,,false,REMAIN_UNMAPPED,UNMAPPED,,"Remain explicitly unmapped; do not use district, ZIP, neighborhood, department HQ, or similarly named facility centroids."
CANDIDATE / RESEARCH / NOT YET GOVERNED,community-facilities/public-health/northeast,Northeast Public Health Center,Community Facilities,Austin Public Health,Public Health,Official 2026 Bond source plus relevant City facility/project GIS layers searched,https://services.austintexas.gov/edims/document.cfm?id=466344,,,,,City of Austin,no geometry,none,sources through 2026-09-08 research date,,NO_PROJECT_SITE_ESTABLISHED,"NO_PROJECT_SITE_ESTABLISHED: proposed/new facility, acquisition program, or generic program record has no defensible project-specific location",Northeast Public Health Center,"Exact-name, department, facility, capital-project, address, and GIS searches produced no unique project geometry",NO_MATCH,false,,false,REMAIN_UNMAPPED,UNMAPPED,,"Remain explicitly unmapped; do not use district, ZIP, neighborhood, department HQ, or similarly named facility centroids."
CANDIDATE / RESEARCH / NOT YET GOVERNED,parks/alamo-rec-center,Recreation and Senior Center Improvements Program - Alamo Rec Center,Parks & Open Space,Parks and Recreation,Parks and Recreation,pard_facility_points,https://services.arcgis.com/0L95CJ0VTaxqcmED/arcgis/rest/services/pard_facility_points/FeatureServer/0,27aa5e7c4be74a439078b3fef086296c,pard_facility_points,0,541,City of Austin,point,source-native,,2026-04-10T22:51:27Z,CONDITIONAL_STABLE_LOCATION,CONDITIONAL_STABLE_LOCATION: item refreshed after snapshot; existing facility location is stable,Alamo Recreation Center; 2100 Alamo St,Exact official facility name and address,HIGH,false,,false,ELIGIBLE_FOR_GOVERNANCE_REVIEW,FACILITY_SITE_CONTEXT,,
CANDIDATE / RESEARCH / NOT YET GOVERNED,parks/big-stacy-pool,Aquatics Program - Big Stacy Pool,Parks & Open Space,Parks and Recreation,Parks and Recreation,pard_facility_points,https://services.arcgis.com/0L95CJ0VTaxqcmED/arcgis/rest/services/pard_facility_points/FeatureServer/0,27aa5e7c4be74a439078b3fef086296c,pard_facility_points,0,1138,City of Austin,point,source-native,,2026-04-10T22:51:27Z,CONDITIONAL_STABLE_LOCATION,CONDITIONAL_STABLE_LOCATION: item refreshed after snapshot; existing pool location is stable,Neighborhood Pool; Big Stacy Neighborhood Park; 700 E Live Oak St,Exact official pool/park linkage,HIGH,false,,false,ELIGIBLE_FOR_GOVERNANCE_REVIEW,FACILITY_SITE_CONTEXT,,
CANDIDATE / RESEARCH / NOT YET GOVERNED,parks/bolm-district-park,Parkland Improvements Program - Bolm District Park,Parks & Open Space,Parks and Recreation,Parks and Recreation,BOUNDARIES_city_of_austin_parks,https://services.arcgis.com/0L95CJ0VTaxqcmED/arcgis/rest/services/BOUNDARIES_city_of_austin_parks/FeatureServer/0,8a140d1a6bfc46a8b34d2ba3e1db1c9d,BOUNDARIES_city_of_austin_parks,0,207,City of Austin,polygon,source-native,,2026-04-23T16:03:46Z,CONDITIONAL_STABLE_LOCATION,CONDITIONAL_STABLE_LOCATION: park boundary layer refreshed after snapshot; established park site is stable,Bolm District Park; 6700 Bolm Rd,Exact named park boundary,HIGH,false,,false,ELIGIBLE_FOR_GOVERNANCE_REVIEW,PARK_SITE_CONTEXT,,"Whole-park context, not the improvement footprint."
CANDIDATE / RESEARCH / NOT YET GOVERNED,parks/bolm-maintenance-center,Building Renovation and Replacement Program - Bolm Maintenance Center,Parks & Open Space,Parks and Recreation,Parks and Recreation,BOUNDARIES_city_of_austin_parks,https://services.arcgis.com/0L95CJ0VTaxqcmED/arcgis/rest/services/BOUNDARIES_city_of_austin_parks/FeatureServer/0,8a140d1a6bfc46a8b34d2ba3e1db1c9d,BOUNDARIES_city_of_austin_parks,0,207,City of Austin,polygon,source-native,,2026-04-23T16:03:46Z,CONDITIONAL_STABLE_LOCATION,"CONDITIONAL_STABLE_LOCATION: park site is stable, but later-refreshed boundary does not identify the reserved project parcel",Bolm District Park; 6700 Bolm Rd; official bond material reserves an approximately 10-acre northwest area for a future central maintenance facility,Official project narrative to named park; only whole-park boundary available,MEDIUM,true,The precise maintenance-center parcel/footprint is not established.,false,NEEDS_MORE_EVIDENCE,PARK_SITE_CONTEXT,,The 68.1-acre park polygon is context only and materially overstates the approximately 10-acre candidate area. https://www.austintexas.gov/sites/default/files/files/Capital_Delivery/2026%20Bond%20Development/Bond%20Content/25-1008-2026-Bond---APR-Buildings-Rec-Centers--Aquatics-Programs.pdf
CANDIDATE / RESEARCH / NOT YET GOVERNED,parks/buttermilk-nh-park,Parkland Improvements Program - Buttermilk NH Park,Parks & Open Space,Parks and Recreation,Parks and Recreation,BOUNDARIES_city_of_austin_parks,https://services.arcgis.com/0L95CJ0VTaxqcmED/arcgis/rest/services/BOUNDARIES_city_of_austin_parks/FeatureServer/0,8a140d1a6bfc46a8b34d2ba3e1db1c9d,BOUNDARIES_city_of_austin_parks,0,291,City of Austin,polygon,source-native,,2026-04-23T16:03:46Z,CONDITIONAL_STABLE_LOCATION,CONDITIONAL_STABLE_LOCATION: park boundary layer refreshed after snapshot; established park site is stable,Buttermilk Neighborhood Park; 7500 Blessing Ave,Exact named park boundary,HIGH,false,,false,ELIGIBLE_FOR_GOVERNANCE_REVIEW,PARK_SITE_CONTEXT,,"Whole-park context, not the improvement footprint."
CANDIDATE / RESEARCH / NOT YET GOVERNED,parks/civitan-pool,Aquatics Program - Civitan Pool,Parks & Open Space,Parks and Recreation,Parks and Recreation,pard_facility_points,https://services.arcgis.com/0L95CJ0VTaxqcmED/arcgis/rest/services/pard_facility_points/FeatureServer/0,27aa5e7c4be74a439078b3fef086296c,pard_facility_points,0,1146,City of Austin,point,source-native,,2026-04-10T22:51:27Z,CONDITIONAL_STABLE_LOCATION,CONDITIONAL_STABLE_LOCATION: item refreshed after snapshot; existing pool location is stable,Neighborhood Pool; Civitan Neighborhood Park; 513 Vargas Rd,Exact official pool/park linkage,HIGH,false,,false,ELIGIBLE_FOR_GOVERNANCE_REVIEW,FACILITY_SITE_CONTEXT,,
CANDIDATE / RESEARCH / NOT YET GOVERNED,parks/doris-miller-auditorium,Recreation and Senior Center Improvements Program - Doris Miller Auditorium,Parks & Open Space,Parks and Recreation,Parks and Recreation,AFM Managed Facilities JUN26,https://services.arcgis.com/0L95CJ0VTaxqcmED/arcgis/rest/services/AFM_Managed_Facilities_JUN26/FeatureServer/0,534c086c90eb403cbc952ebe9578c9e9,AFM_Managed_Facilities_JUN26,0,264,City of Austin,point,source-native,,2026-06-12T13:29:49Z,CONDITIONAL_STABLE_LOCATION,CONDITIONAL_STABLE_LOCATION: AFM layer published after snapshot; long-established facility location is stable,PARD Doris Miller Auditorium; 2300 Rosewood Ave,Exact official facility name and address,HIGH,false,,false,ELIGIBLE_FOR_GOVERNANCE_REVIEW,FACILITY_SITE_CONTEXT,,Post-snapshot facility inventory is location context only.
CANDIDATE / RESEARCH / NOT YET GOVERNED,parks/garrison-pool,Aquatics Program - Garrison Pool,Parks & Open Space,Parks and Recreation,Parks and Recreation,pard_facility_points,https://services.arcgis.com/0L95CJ0VTaxqcmED/arcgis/rest/services/pard_facility_points/FeatureServer/0,27aa5e7c4be74a439078b3fef086296c,pard_facility_points,0,1636,City of Austin,point,source-native,,2026-04-10T22:51:27Z,CONDITIONAL_STABLE_LOCATION,CONDITIONAL_STABLE_LOCATION: item refreshed after snapshot; existing pool location is stable,Municipal Pool; James A. Garrison District Park; 6001 Menchaca Rd,Exact official pool/park linkage,HIGH,false,,false,ELIGIBLE_FOR_GOVERNANCE_REVIEW,FACILITY_SITE_CONTEXT,,
CANDIDATE / RESEARCH / NOT YET GOVERNED,parks/givens-district-park-phase-ii,Parkland Improvements Program - Givens District Park Phase II,Parks & Open Space,Parks and Recreation,Parks and Recreation,BOUNDARIES_city_of_austin_parks,https://services.arcgis.com/0L95CJ0VTaxqcmED/arcgis/rest/services/BOUNDARIES_city_of_austin_parks/FeatureServer/0,8a140d1a6bfc46a8b34d2ba3e1db1c9d,BOUNDARIES_city_of_austin_parks,0,14,City of Austin,polygon,source-native,,2026-04-23T16:03:46Z,CONDITIONAL_STABLE_LOCATION,CONDITIONAL_STABLE_LOCATION: park boundary layer refreshed after snapshot; established park site is stable,Givens District Park; 3811 E 12th St,Exact named park boundary; phase footprint unavailable,HIGH,false,,false,ELIGIBLE_FOR_GOVERNANCE_REVIEW,PARK_SITE_CONTEXT,,"Whole-park context, not the Phase II construction footprint."
CANDIDATE / RESEARCH / NOT YET GOVERNED,parks/grand-meadow-phase-ii,Parkland Improvements Program - Grand Meadow Phase II,Parks & Open Space,Parks and Recreation,Parks and Recreation,BOUNDARIES_city_of_austin_parks,https://services.arcgis.com/0L95CJ0VTaxqcmED/arcgis/rest/services/BOUNDARIES_city_of_austin_parks/FeatureServer/0,8a140d1a6bfc46a8b34d2ba3e1db1c9d,BOUNDARIES_city_of_austin_parks,0,302,City of Austin,polygon,source-native,,2026-04-23T16:03:46Z,CONDITIONAL_STABLE_LOCATION,CONDITIONAL_STABLE_LOCATION: park boundary layer refreshed after snapshot; established park site is stable,Grand Meadow Neighborhood Park; 8022 Thaxton Dr,Exact named park boundary; phase footprint unavailable,HIGH,false,,false,ELIGIBLE_FOR_GOVERNANCE_REVIEW,PARK_SITE_CONTEXT,,"Whole-park context, not the Phase II construction footprint."
CANDIDATE / RESEARCH / NOT YET GOVERNED,parks/gus-garcia-center,Recreation and Senior Center Improvements Program - Gus Garcia Center,Parks & Open Space,Parks and Recreation,Parks and Recreation,AFM Managed Facilities JUN26,https://services.arcgis.com/0L95CJ0VTaxqcmED/arcgis/rest/services/AFM_Managed_Facilities_JUN26/FeatureServer/0,534c086c90eb403cbc952ebe9578c9e9,AFM_Managed_Facilities_JUN26,0,272,City of Austin,point,source-native,,2026-06-12T13:29:49Z,CONDITIONAL_STABLE_LOCATION,CONDITIONAL_STABLE_LOCATION: AFM layer published after snapshot; long-established facility location is stable,PARD Gus Garcia Recreation Center; 1201 E Rundberg Ln,Exact official facility name and address,HIGH,false,,false,ELIGIBLE_FOR_GOVERNANCE_REVIEW,FACILITY_SITE_CONTEXT,,Post-snapshot facility inventory is location context only.
CANDIDATE / RESEARCH / NOT YET GOVERNED,parks/harris-branch-nh-park-development,Parkland Improvements Program - Harris Branch NH Park Development,Parks & Open Space,Parks and Recreation,Parks and Recreation,BOUNDARIES_city_of_austin_parks,https://services.arcgis.com/0L95CJ0VTaxqcmED/arcgis/rest/services/BOUNDARIES_city_of_austin_parks/FeatureServer/0,8a140d1a6bfc46a8b34d2ba3e1db1c9d,BOUNDARIES_city_of_austin_parks,0,321,City of Austin,polygon,source-native,,2026-04-23T16:03:46Z,CONDITIONAL_STABLE_LOCATION,CONDITIONAL_STABLE_LOCATION: park boundary layer refreshed after snapshot; established park site is stable,Harris Branch Neighborhood Park; 11200 Farmhaven Rd,Exact named park boundary,HIGH,false,,false,ELIGIBLE_FOR_GOVERNANCE_REVIEW,PARK_SITE_CONTEXT,,"Whole-park context, not the development footprint."
CANDIDATE / RESEARCH / NOT YET GOVERNED,parks/jamestown-nh-park,Parkland Improvements Program - Jamestown NH Park,Parks & Open Space,Parks and Recreation,Parks and Recreation,BOUNDARIES_city_of_austin_parks,https://services.arcgis.com/0L95CJ0VTaxqcmED/arcgis/rest/services/BOUNDARIES_city_of_austin_parks/FeatureServer/0,8a140d1a6bfc46a8b34d2ba3e1db1c9d,BOUNDARIES_city_of_austin_parks,0,41,City of Austin,polygon,source-native,,2026-04-23T16:03:46Z,CONDITIONAL_STABLE_LOCATION,CONDITIONAL_STABLE_LOCATION: park boundary layer refreshed after snapshot; established park site is stable,Jamestown Neighborhood Park; 8323 Jamestown Dr,Exact named park boundary,HIGH,false,,false,ELIGIBLE_FOR_GOVERNANCE_REVIEW,PARK_SITE_CONTEXT,,"Whole-park context, not the improvement footprint."
CANDIDATE / RESEARCH / NOT YET GOVERNED,parks/kennemer-pool,Aquatics Program - Kennemer Pool,Parks & Open Space,Parks and Recreation,Parks and Recreation,pard_facility_points,https://services.arcgis.com/0L95CJ0VTaxqcmED/arcgis/rest/services/pard_facility_points/FeatureServer/0,27aa5e7c4be74a439078b3fef086296c,pard_facility_points,0,1145,City of Austin,point,source-native,,2026-04-10T22:51:27Z,CONDITIONAL_STABLE_LOCATION,CONDITIONAL_STABLE_LOCATION: item refreshed after snapshot; existing pool location is stable,Neighborhood Pool; Kennemer Pool; 1031 Payton Gin Rd,Exact official pool/facility linkage,HIGH,false,,false,ELIGIBLE_FOR_GOVERNANCE_REVIEW,FACILITY_SITE_CONTEXT,,
CANDIDATE / RESEARCH / NOT YET GOVERNED,parks/lorraine-camancho-center,Recreation and Senior Center Improvements Program - Lorraine Camancho Center,Parks & Open Space,Parks and Recreation,Parks and Recreation,pard_facility_points,https://services.arcgis.com/0L95CJ0VTaxqcmED/arcgis/rest/services/pard_facility_points/FeatureServer/0,27aa5e7c4be74a439078b3fef086296c,pard_facility_points,0,537,City of Austin,point,source-native,,2026-04-10T22:51:27Z,CONDITIONAL_STABLE_LOCATION,CONDITIONAL_STABLE_LOCATION: item refreshed after snapshot; existing facility location is stable,Lorraine 'Grandma' Camacho Activity Center; 35 Robert T Martinez Jr St,Exact official facility name and address; governed spelling 'Camancho' differs,HIGH,false,,false,ELIGIBLE_FOR_GOVERNANCE_REVIEW,FACILITY_SITE_CONTEXT,,Governed spelling differs from the official facility spelling Camacho; identity remains unique.
CANDIDATE / RESEARCH / NOT YET GOVERNED,parks/martin-pool,Aquatics Program - Martin Pool,Parks & Open Space,Parks and Recreation,Parks and Recreation,pard_facility_points,https://services.arcgis.com/0L95CJ0VTaxqcmED/arcgis/rest/services/pard_facility_points/FeatureServer/0,27aa5e7c4be74a439078b3fef086296c,pard_facility_points,0,1640,City of Austin,point,source-native,,2026-04-10T22:51:27Z,CONDITIONAL_STABLE_LOCATION,CONDITIONAL_STABLE_LOCATION: item refreshed after snapshot; existing pool location is stable,Martin Neighborhood Pool; 1626 Nash Hernandez Sr Rd,Exact official pool name and address,HIGH,false,,false,ELIGIBLE_FOR_GOVERNANCE_REVIEW,FACILITY_SITE_CONTEXT,,
CANDIDATE / RESEARCH / NOT YET GOVERNED,parks/metz-community-center,Recreation and Senior Center Improvements Program - Metz Community Center,Parks & Open Space,Parks and Recreation,Parks and Recreation,pard_facility_points,https://services.arcgis.com/0L95CJ0VTaxqcmED/arcgis/rest/services/pard_facility_points/FeatureServer/0,27aa5e7c4be74a439078b3fef086296c,pard_facility_points,0,562,City of Austin,point,source-native,,2026-04-10T22:51:27Z,CONDITIONAL_STABLE_LOCATION,CONDITIONAL_STABLE_LOCATION: item refreshed after snapshot; existing facility location is stable,Rodolfo 'Rudy' Mendez Recreation Center; Metz Neighborhood Park; 2401 Canterbury St,Official current facility name linked to Metz site,HIGH,false,,false,ELIGIBLE_FOR_GOVERNANCE_REVIEW,FACILITY_SITE_CONTEXT,,Official asset uses current facility name rather than the governed legacy/site name.
CANDIDATE / RESEARCH / NOT YET GOVERNED,parks/north-grounds-maintenance-facility,Building Renovation and Replacement Program - North Grounds Maintenance Facility,Parks & Open Space,Parks and Recreation,Parks and Recreation,pard_facility_points,https://services.arcgis.com/0L95CJ0VTaxqcmED/arcgis/rest/services/pard_facility_points/FeatureServer/0,27aa5e7c4be74a439078b3fef086296c,pard_facility_points,0,2670,City of Austin,point,source-native,,2026-04-10T22:51:27Z,CONDITIONAL_STABLE_LOCATION,"CONDITIONAL_STABLE_LOCATION: asset layer refreshed after snapshot, corroborated by pre-snapshot official bond document",Maintenance Area: Building; Walter E. Long Metro Park; 9608 Decker Lake Rd,Official pre-snapshot bond document ties North Grounds to the existing maintenance area; unique PARD asset,HIGH,false,,false,ELIGIBLE_FOR_GOVERNANCE_REVIEW,FACILITY_SITE_CONTEXT,,Pre-snapshot corroboration: https://www.austintexas.gov/sites/default/files/files/Capital_Delivery/2026%20Bond%20Development/Bond%20Content/25-1008-2026-Bond---APR-Buildings-Rec-Centers--Aquatics-Programs.pdf
CANDIDATE / RESEARCH / NOT YET GOVERNED,parks/walter-e-long-metro-park-phase-i,Parkland Improvements Program - Walter E. Long Metro Park Phase I,Parks & Open Space,Parks and Recreation,Parks and Recreation,APR_CIP_Points,https://services.arcgis.com/0L95CJ0VTaxqcmED/arcgis/rest/services/APR_CIP_Points/FeatureServer/0,01518974d257431885f54906cfa545b9,APR_CIP_Points,0,70,City of Austin,point,source-native,,2026-01-13T03:10:22Z,YES_PRE_SNAPSHOT,YES_PRE_SNAPSHOT: APR CIP item modified 2026-01-13,SUB_PROJECT_ID 7999.004; Walter E. Long Metro Park - Phase IA Vision Plan Implementation,Direct official capital-project identifier/name linkage,HIGH,false,,true,ELIGIBLE_FOR_GOVERNANCE_REVIEW,OFFICIAL_PROJECT_DISPLAY_POINT,Official named park boundary provides stable site context; it is not the project footprint.,"Point represents the official capital-project display location, not the construction footprint."
CANDIDATE / RESEARCH / NOT YET GOVERNED,parks/woodland-pocket-park,Parkland Improvements Program - Woodland Pocket Park,Parks & Open Space,Parks and Recreation,Parks and Recreation,APR_CIP_Points,https://services.arcgis.com/0L95CJ0VTaxqcmED/arcgis/rest/services/APR_CIP_Points/FeatureServer/0,01518974d257431885f54906cfa545b9,APR_CIP_Points,0,65,City of Austin,point,source-native,,2026-01-13T03:10:22Z,YES_PRE_SNAPSHOT,YES_PRE_SNAPSHOT: APR CIP item modified 2026-01-13,SUB_PROJECT_ID 13267.001; Woodland Pocket Park - Development,Direct official capital-project identifier/name linkage,HIGH,false,,true,ELIGIBLE_FOR_GOVERNANCE_REVIEW,OFFICIAL_PROJECT_DISPLAY_POINT,Official named park boundary provides stable site context; it is not the project footprint.,Point represents the official capital-project display location; official park polygon is corroborating context.
CANDIDATE / RESEARCH / NOT YET GOVERNED,parks/woolridge-square-plan,Parkland Improvements Program - Woolridge Square Plan,Parks & Open Space,Parks and Recreation,Parks and Recreation,BOUNDARIES_city_of_austin_parks,https://services.arcgis.com/0L95CJ0VTaxqcmED/arcgis/rest/services/BOUNDARIES_city_of_austin_parks/FeatureServer/0,8a140d1a6bfc46a8b34d2ba3e1db1c9d,BOUNDARIES_city_of_austin_parks,0,344,City of Austin,polygon,source-native,,2026-04-23T16:03:46Z,CONDITIONAL_STABLE_LOCATION,CONDITIONAL_STABLE_LOCATION: park boundary layer refreshed after snapshot; established square is stable,Wooldridge Square; 900 Guadalupe St,Exact named park boundary; spelling differs from governed Woolridge,HIGH,false,,false,ELIGIBLE_FOR_GOVERNANCE_REVIEW,PARK_SITE_CONTEXT,,"Official park name is Wooldridge Square; whole-square context, not the plan footprint."
CANDIDATE / RESEARCH / NOT YET GOVERNED,parks/yates-pocket-park,Parkland Improvements Program - Yates Pocket Park,Parks & Open Space,Parks and Recreation,Parks and Recreation,BOUNDARIES_city_of_austin_parks,https://services.arcgis.com/0L95CJ0VTaxqcmED/arcgis/rest/services/BOUNDARIES_city_of_austin_parks/FeatureServer/0,8a140d1a6bfc46a8b34d2ba3e1db1c9d,BOUNDARIES_city_of_austin_parks,0,337,City of Austin,polygon,source-native,,2026-04-23T16:03:46Z,CONDITIONAL_STABLE_LOCATION,CONDITIONAL_STABLE_LOCATION: park boundary layer refreshed after snapshot; established park site is stable,Yates Pocket Park; 6015 Felix Ave,Exact named park boundary,HIGH,false,,false,ELIGIBLE_FOR_GOVERNANCE_REVIEW,PARK_SITE_CONTEXT,,"Whole-park context, not the improvement footprint."
CANDIDATE / RESEARCH / NOT YET GOVERNED,transportation/act-plan-6th-street,ACT Plan (Austin Core Transportation Plan) Program - 6th Street,Transportation,ATPW,Transportation,Official ACT Plan presentation,https://www.austintexas.gov/sites/default/files/files/Capital_Delivery/2026%20Bond%20Development/2025.11.19-2026-Bond--Complete-Streets-and-ACT-Plan-Presentation-BEATF.pdf,,,,,City of Austin,no geometry,none,2025-11-19,,YES,YES_PRE_SNAPSHOT: official corridor description predates snapshot,"6th Street, Congress Avenue to I-35",Strong official corridor/asset-name linkage; no defensible source-native line or footprint found,MEDIUM,false,,false,NEEDS_MORE_EVIDENCE,UNMAPPED_CORRIDOR_OR_ASSET,,Do not geocode a road-name midpoint or force a pin. Prefer an official project line/bridge footprint if later found.
CANDIDATE / RESEARCH / NOT YET GOVERNED,transportation/act-plan-7th-street,ACT Plan (Austin Core Transportation Plan) Program - 7th Street,Transportation,ATPW,Transportation,Official ACT Plan presentation,https://www.austintexas.gov/sites/default/files/files/Capital_Delivery/2026%20Bond%20Development/2025.11.19-2026-Bond--Complete-Streets-and-ACT-Plan-Presentation-BEATF.pdf,,,,,City of Austin,no geometry,none,2025-11-19,,YES,YES_PRE_SNAPSHOT: official corridor description predates snapshot,7th Street ACT Plan corridor,Strong official corridor/asset-name linkage; no defensible source-native line or footprint found,MEDIUM,false,,false,NEEDS_MORE_EVIDENCE,UNMAPPED_CORRIDOR_OR_ASSET,,Do not geocode a road-name midpoint or force a pin. Prefer an official project line/bridge footprint if later found.
CANDIDATE / RESEARCH / NOT YET GOVERNED,transportation/barton-springs-bridge,Bridge Rehabilitation & Reconstruction Program - Barton Springs Bridge,Transportation,ATPW,Transportation,City of Austin Capital Projects Explorer — Barton Springs Rd. Bridge over Barton Creek,https://capitalprojects.austintexas.gov/api/projects.json,,,,row-xwgg_69s2~kqsp,City of Austin,polygon,source-native,2026-08-19 API extract,2026-08-19T13:46:06.522Z,CONDITIONAL_STABLE_LOCATION,"CONDITIONAL_STABLE_LOCATION: exact bridge asset is stable, but public project shape was refreshed after the snapshot and must not supply later analytical attributes",CPE project_id 5873.031; Barton Springs Rd. Bridge over Barton Creek; governed Barton Springs Bridge program row,Exact official bridge/CIP project identity and unique source geometry,HIGH,false,,false,ELIGIBLE_FOR_GOVERNANCE_REVIEW,OFFICIAL_PROJECT_GEOMETRY,,"Use the polygon, not an invented midpoint pin; isolate all post-snapshot non-geographic attributes."
CANDIDATE / RESEARCH / NOT YET GOVERNED,transportation/delwau-ln-replacement,Bridge Rehabilitation & Reconstruction Program - Delwau Ln Replacement,Transportation,ATPW,Transportation,Official bridge-program project records and asset memorandum,https://services.austintexas.gov/edims/document.cfm?id=471428,,,,,City of Austin,no geometry,none,2026-05-07,,CONDITIONAL_STABLE_LOCATION,CONDITIONAL_STABLE_LOCATION: post-snapshot memo describes a stable existing bridge asset; later project status must be excluded,Delwau Lane over Boggy Creek,Strong official corridor/asset-name linkage; no defensible source-native line or footprint found,MEDIUM,false,,false,NEEDS_MORE_EVIDENCE,UNMAPPED_CORRIDOR_OR_ASSET,,Do not geocode a road-name midpoint or force a pin. Prefer an official project line/bridge footprint if later found.
CANDIDATE / RESEARCH / NOT YET GOVERNED,transportation/e-7th-st,Bridge Rehabilitation & Reconstruction Program - E. 7th St,Transportation,ATPW,Transportation,Official bridge-program project records and asset memorandum,https://services.austintexas.gov/edims/document.cfm?id=471428,,,,,City of Austin,no geometry,none,2026-05-07,,CONDITIONAL_STABLE_LOCATION,CONDITIONAL_STABLE_LOCATION: post-snapshot memo describes a stable existing bridge asset; later project status must be excluded,E. 7th Street at Tillery Street/CapMetro railroad,Strong official corridor/asset-name linkage; no defensible source-native line or footprint found,MEDIUM,false,,false,NEEDS_MORE_EVIDENCE,UNMAPPED_CORRIDOR_OR_ASSET,,Do not geocode a road-name midpoint or force a pin. Prefer an official project line/bridge footprint if later found.
CANDIDATE / RESEARCH / NOT YET GOVERNED,transportation/hart-ln-retaining-walls,Bridge Rehabilitation & Reconstruction Program - Hart Ln Retaining Walls,Transportation,ATPW,Transportation,Official bridge-program project records and asset memorandum,https://services.austintexas.gov/edims/document.cfm?id=466344,,,,,City of Austin,no geometry,none,2026-01-21,,YES,"YES_EXACT_SNAPSHOT_SOURCE: exact governed project name, but no asset geometry",Hart Lane retaining walls; Council District 10,Strong official corridor/asset-name linkage; no defensible source-native line or footprint found,MEDIUM,false,,false,NEEDS_MORE_EVIDENCE,UNMAPPED_CORRIDOR_OR_ASSET,,Do not geocode a road-name midpoint or force a pin. Prefer an official project line/bridge footprint if later found.
CANDIDATE / RESEARCH / NOT YET GOVERNED,transportation/river-plantation-dr,Bridge Rehabilitation & Reconstruction Program - River Plantation Dr.,Transportation,ATPW,Transportation,Official bridge-program project records and asset memorandum,https://services.austintexas.gov/edims/document.cfm?id=471428,,,,,City of Austin,no geometry,none,2026-05-07,,CONDITIONAL_STABLE_LOCATION,CONDITIONAL_STABLE_LOCATION: post-snapshot memo describes a stable existing bridge asset; later project status must be excluded,River Plantation Drive Bridge over Onion Creek,Strong official corridor/asset-name linkage; no defensible source-native line or footprint found,MEDIUM,false,,false,NEEDS_MORE_EVIDENCE,UNMAPPED_CORRIDOR_OR_ASSET,,Do not geocode a road-name midpoint or force a pin. Prefer an official project line/bridge footprint if later found.
CANDIDATE / RESEARCH / NOT YET GOVERNED,transportation/w-slaughter-ln,Bridge Rehabilitation & Reconstruction Program - W. Slaughter Ln,Transportation,ATPW,Transportation,Official bridge-program project records and asset memorandum,https://services.austintexas.gov/edims/document.cfm?id=471428,,,,,City of Austin,no geometry,none,2026-05-07,,CONDITIONAL_STABLE_LOCATION,CONDITIONAL_STABLE_LOCATION: post-snapshot memo describes a stable existing bridge asset; later project status must be excluded,West Slaughter Lane over Union Pacific Railroad,Strong official corridor/asset-name linkage; no defensible source-native line or footprint found,MEDIUM,false,,false,NEEDS_MORE_EVIDENCE,UNMAPPED_CORRIDOR_OR_ASSET,,Do not geocode a road-name midpoint or force a pin. Prefer an official project line/bridge footprint if later found.
CANDIDATE / RESEARCH / NOT YET GOVERNED,transportation/west-william-cannon-rehab,Bridge Rehabilitation & Reconstruction Program - West William Cannon Dr. Rehab,Transportation,ATPW,Transportation,Official bridge-program project records and asset memorandum,https://services.austintexas.gov/edims/document.cfm?id=471428,,,,,City of Austin,no geometry,none,2026-05-07,,CONDITIONAL_STABLE_LOCATION,CONDITIONAL_STABLE_LOCATION: post-snapshot memo describes a stable existing bridge asset; later project status must be excluded,William Cannon Drive over Union Pacific Railroad,Strong official corridor/asset-name linkage; no defensible source-native line or footprint found,MEDIUM,false,,false,NEEDS_MORE_EVIDENCE,UNMAPPED_CORRIDOR_OR_ASSET,,Do not geocode a road-name midpoint or force a pin. Prefer an official project line/bridge footprint if later found.
CANDIDATE / RESEARCH / NOT YET GOVERNED,watershed/10878.010,Waller Creek - Waller Creek Tunnel Outlet Improvement Project,Watershed,Watershed Protection,Watershed Protection,WPD CIP Projects (Points for display only),https://services.arcgis.com/0L95CJ0VTaxqcmED/arcgis/rest/services/WPD%20CIP%20Projects%20(Points%20for%20display%20only)/FeatureServer/0,1ccd6a4f4f424a73b3b99c82052b8fcb,WPD CIP Projects (Points for display only),0,306,City of Austin,point,source-native,2026-01-21,2024-08-05T17:17:21Z,YES_EXACT_SNAPSHOT_DATE,"YES_EXACT_SNAPSHOT_DATE: feature FME_DATE 2026-01-21T19:05:24.597000Z; geometry is a City display point, not an engineering footprint",governed CIP ID 10878.010; GIS CIP_ID 10878.01; GIS name Waller Creek - Waller Creek Tunnel Outlet Improvement Project,Exact three-decimal CIP/subproject identifier; official project display feature,HIGH,false,,true,ELIGIBLE_FOR_GOVERNANCE_REVIEW,OFFICIAL_PROJECT_DISPLAY_POINT,Capital Projects Explorer exact ID; row row-cgjw~6uku-n24j; 1 shape(s) ['MultiPolygon']; updated 2026-08-19T13:46:06.522Z; https://capitalprojects.austintexas.gov/api/projects.json,The source title explicitly says 'Points for display only'; suitable only as a project display location after governance review.
CANDIDATE / RESEARCH / NOT YET GOVERNED,watershed/11889.004,William Cannon Drive Corridor - US 290 to East of Brodie Ln,Watershed,Watershed Protection,Watershed Protection,WPD CIP Projects (Points for display only),https://services.arcgis.com/0L95CJ0VTaxqcmED/arcgis/rest/services/WPD%20CIP%20Projects%20(Points%20for%20display%20only)/FeatureServer/0,1ccd6a4f4f424a73b3b99c82052b8fcb,WPD CIP Projects (Points for display only),0,283,City of Austin,point,source-native,2026-01-21,2024-08-05T17:17:21Z,YES_EXACT_SNAPSHOT_DATE,"YES_EXACT_SNAPSHOT_DATE: feature FME_DATE 2026-01-21T19:05:24.597000Z; geometry is a City display point, not an engineering footprint",governed CIP ID 11889.004; GIS CIP_ID 11889.004; GIS name William Cannon Drive Corridor - US 290 to East of Brodie Ln,Exact three-decimal CIP/subproject identifier; official project display feature,HIGH,false,,true,ELIGIBLE_FOR_GOVERNANCE_REVIEW,OFFICIAL_PROJECT_DISPLAY_POINT,RNA Projects layer 8 exact ID; OBJECTID 352; esriGeometryPolygon; snapshot 2026-09-01; https://maps.austintexas.gov/arcgis/rest/services/LongRangeCIP/RNAProjects/MapServer/8,The source title explicitly says 'Points for display only'; suitable only as a project display location after governance review.
CANDIDATE / RESEARCH / NOT YET GOVERNED,watershed/4015.001,Country Club Creek (Between Metcalfe & Oltorf) Wastewater Improvements,Watershed,Watershed Protection,Watershed Protection,WPD CIP Projects (Points for display only),https://services.arcgis.com/0L95CJ0VTaxqcmED/arcgis/rest/services/WPD%20CIP%20Projects%20(Points%20for%20display%20only)/FeatureServer/0,1ccd6a4f4f424a73b3b99c82052b8fcb,WPD CIP Projects (Points for display only),0,327,City of Austin,point,source-native,2026-01-21,2024-08-05T17:17:21Z,YES_EXACT_SNAPSHOT_DATE,"YES_EXACT_SNAPSHOT_DATE: feature FME_DATE 2026-01-21T19:05:24.635000Z; geometry is a City display point, not an engineering footprint",governed CIP ID 4015.001; GIS CIP_ID 4015.001; GIS name Country Club Creek (Between Metcalfe & Oltorf) Wastewater Improvements,Exact three-decimal CIP/subproject identifier; official project display feature,HIGH,false,,true,ELIGIBLE_FOR_GOVERNANCE_REVIEW,OFFICIAL_PROJECT_DISPLAY_POINT,Capital Projects Explorer exact ID; row row-63z9~4hcb-4qre; 1 shape(s) ['MultiPolygon']; updated 2026-08-19T13:46:06.522Z; https://capitalprojects.austintexas.gov/api/projects.json,The source title explicitly says 'Points for display only'; suitable only as a project display location after governance review.
CANDIDATE / RESEARCH / NOT YET GOVERNED,watershed/5282.043,Tannehill Creek - Morris Williams Stormwater Improvements,Watershed,Watershed Protection,Watershed Protection,WPD CIP Projects (Points for display only),https://services.arcgis.com/0L95CJ0VTaxqcmED/arcgis/rest/services/WPD%20CIP%20Projects%20(Points%20for%20display%20only)/FeatureServer/0,1ccd6a4f4f424a73b3b99c82052b8fcb,WPD CIP Projects (Points for display only),0,200,City of Austin,point,source-native,2026-01-21,2024-08-05T17:17:21Z,YES_EXACT_SNAPSHOT_DATE,"YES_EXACT_SNAPSHOT_DATE: feature FME_DATE 2026-01-21T19:05:24.569000Z; geometry is a City display point, not an engineering footprint",governed CIP ID 5282.043; GIS CIP_ID 5282.043; GIS name Tannehill Creek - Morris Williams Stormwater Improvements,Exact three-decimal CIP/subproject identifier; official project display feature,HIGH,false,,true,ELIGIBLE_FOR_GOVERNANCE_REVIEW,OFFICIAL_PROJECT_DISPLAY_POINT,Capital Projects Explorer exact ID; row row-yhkr-88xq-4hha; 1 shape(s) ['MultiPolygon']; updated 2026-08-19T13:46:06.522Z; https://capitalprojects.austintexas.gov/api/projects.json | RNA Projects layer 8 exact ID; OBJECTID 412; esriGeometryPolygon; snapshot 2026-09-01; https://maps.austintexas.gov/arcgis/rest/services/LongRangeCIP/RNAProjects/MapServer/8,The source title explicitly says 'Points for display only'; suitable only as a project display location after governance review.
CANDIDATE / RESEARCH / NOT YET GOVERNED,watershed/5282.133,Boggy Creek - Kealing Park Green Infrastructure Retrofit,Watershed,Watershed Protection,Watershed Protection,WPD CIP Projects (Points for display only),https://services.arcgis.com/0L95CJ0VTaxqcmED/arcgis/rest/services/WPD%20CIP%20Projects%20(Points%20for%20display%20only)/FeatureServer/0,1ccd6a4f4f424a73b3b99c82052b8fcb,WPD CIP Projects (Points for display only),0,248,City of Austin,point,source-native,2026-01-21,2024-08-05T17:17:21Z,YES_EXACT_SNAPSHOT_DATE,"YES_EXACT_SNAPSHOT_DATE: feature FME_DATE 2026-01-21T19:05:24.597000Z; geometry is a City display point, not an engineering footprint",governed CIP ID 5282.133; GIS CIP_ID 5282.133; GIS name Boggy Creek - Kealing Park Green Infrastructure Retrofit,Exact three-decimal CIP/subproject identifier; official project display feature,HIGH,false,,true,ELIGIBLE_FOR_GOVERNANCE_REVIEW,OFFICIAL_PROJECT_DISPLAY_POINT,Capital Projects Explorer exact ID; row row-ys5a.tnvn~t3sa; 1 shape(s) ['MultiPolygon']; updated 2026-08-19T13:46:06.522Z; https://capitalprojects.austintexas.gov/api/projects.json | RNA Projects layer 8 exact ID; OBJECTID 497; esriGeometryPolygon; snapshot 2026-09-01; https://maps.austintexas.gov/arcgis/rest/services/LongRangeCIP/RNAProjects/MapServer/8,The source title explicitly says 'Points for display only'; suitable only as a project display location after governance review.
CANDIDATE / RESEARCH / NOT YET GOVERNED,watershed/5282.134,Tannehill Creek - Bartholomew Park Stormwater Treatment Retrofit,Watershed,Watershed Protection,Watershed Protection,WPD CIP Projects (Points for display only),https://services.arcgis.com/0L95CJ0VTaxqcmED/arcgis/rest/services/WPD%20CIP%20Projects%20(Points%20for%20display%20only)/FeatureServer/0,1ccd6a4f4f424a73b3b99c82052b8fcb,WPD CIP Projects (Points for display only),0,222,City of Austin,point,source-native,2026-01-21,2024-08-05T17:17:21Z,YES_EXACT_SNAPSHOT_DATE,"YES_EXACT_SNAPSHOT_DATE: feature FME_DATE 2026-01-21T19:05:24.569000Z; geometry is a City display point, not an engineering footprint",governed CIP ID 5282.134; GIS CIP_ID 5282.134; GIS name Tannehill Creek - Bartholomew Park Stormwater Treatment Retrofit,Exact three-decimal CIP/subproject identifier; official project display feature,HIGH,false,,true,ELIGIBLE_FOR_GOVERNANCE_REVIEW,OFFICIAL_PROJECT_DISPLAY_POINT,Capital Projects Explorer exact ID; row row-rea7_8gbv_kveh; 1 shape(s) ['MultiPolygon']; updated 2026-08-19T13:46:06.522Z; https://capitalprojects.austintexas.gov/api/projects.json | RNA Projects layer 8 exact ID; OBJECTID 194; esriGeometryPolygon; snapshot 2026-09-01; https://maps.austintexas.gov/arcgis/rest/services/LongRangeCIP/RNAProjects/MapServer/8,The source title explicitly says 'Points for display only'; suitable only as a project display location after governance review.
CANDIDATE / RESEARCH / NOT YET GOVERNED,watershed/5282.150,Lady Bird Lake - West Austin Park Water Quality Retrofits,Watershed,Watershed Protection,Watershed Protection,WPD CIP Projects (Points for display only),https://services.arcgis.com/0L95CJ0VTaxqcmED/arcgis/rest/services/WPD%20CIP%20Projects%20(Points%20for%20display%20only)/FeatureServer/0,1ccd6a4f4f424a73b3b99c82052b8fcb,WPD CIP Projects (Points for display only),0,197,City of Austin,point,source-native,2026-01-21,2024-08-05T17:17:21Z,YES_EXACT_SNAPSHOT_DATE,"YES_EXACT_SNAPSHOT_DATE: feature FME_DATE 2026-01-21T19:05:24.514000Z; geometry is a City display point, not an engineering footprint",governed CIP ID 5282.150; GIS CIP_ID 5282.15; GIS name Lady Bird Lake - West Austin Park Water Quality Retrofits,Exact three-decimal CIP/subproject identifier; official project display feature,HIGH,false,,true,ELIGIBLE_FOR_GOVERNANCE_REVIEW,OFFICIAL_PROJECT_DISPLAY_POINT,Capital Projects Explorer exact ID; row row-hzkf_35ca.8w8n; 1 shape(s) ['MultiPolygon']; updated 2026-08-19T13:46:06.522Z; https://capitalprojects.austintexas.gov/api/projects.json,The source title explicitly says 'Points for display only'; suitable only as a project display location after governance review.
CANDIDATE / RESEARCH / NOT YET GOVERNED,watershed/5282.162,Colorado River - CAPEX Water Quality Control,Watershed,Watershed Protection,Watershed Protection,WPD CIP Projects (Points for display only),https://services.arcgis.com/0L95CJ0VTaxqcmED/arcgis/rest/services/WPD%20CIP%20Projects%20(Points%20for%20display%20only)/FeatureServer/0,1ccd6a4f4f424a73b3b99c82052b8fcb,WPD CIP Projects (Points for display only),0,325,City of Austin,point,source-native,2026-01-21,2024-08-05T17:17:21Z,YES_EXACT_SNAPSHOT_DATE,"YES_EXACT_SNAPSHOT_DATE: feature FME_DATE 2026-01-21T19:05:24.635000Z; geometry is a City display point, not an engineering footprint",governed CIP ID 5282.162; GIS CIP_ID 5282.162; GIS name Colorado River - CAPEX Water Quality Control,Exact three-decimal CIP/subproject identifier; official project display feature,HIGH,false,,true,ELIGIBLE_FOR_GOVERNANCE_REVIEW,OFFICIAL_PROJECT_DISPLAY_POINT,Capital Projects Explorer exact ID; row row-7e4q-wi7z-b934; 1 shape(s) ['MultiPolygon']; updated 2026-08-19T13:46:06.522Z; https://capitalprojects.austintexas.gov/api/projects.json,The source title explicitly says 'Points for display only'; suitable only as a project display location after governance review.
CANDIDATE / RESEARCH / NOT YET GOVERNED,watershed/5754.089,Walnut Creek - McNeil Drive Low Water Crossing Improvements,Watershed,Watershed Protection,Watershed Protection,WPD CIP Projects (Points for display only),https://services.arcgis.com/0L95CJ0VTaxqcmED/arcgis/rest/services/WPD%20CIP%20Projects%20(Points%20for%20display%20only)/FeatureServer/0,1ccd6a4f4f424a73b3b99c82052b8fcb,WPD CIP Projects (Points for display only),0,214,City of Austin,point,source-native,2026-01-21,2024-08-05T17:17:21Z,YES_EXACT_SNAPSHOT_DATE,"YES_EXACT_SNAPSHOT_DATE: feature FME_DATE 2026-01-21T19:05:24.569000Z; geometry is a City display point, not an engineering footprint",governed CIP ID 5754.089; GIS CIP_ID 5754.089; GIS name Walnut Creek - McNeil Drive Low Water Crossing Improvements,Exact three-decimal CIP/subproject identifier; official project display feature,HIGH,false,,true,ELIGIBLE_FOR_GOVERNANCE_REVIEW,OFFICIAL_PROJECT_DISPLAY_POINT,Capital Projects Explorer exact ID; row row-gq3f-9x2h-e24v; 1 shape(s) ['MultiPolygon']; updated 2026-08-19T13:46:06.522Z; https://capitalprojects.austintexas.gov/api/projects.json | RNA Projects layer 8 exact ID; OBJECTID 305; esriGeometryPolygon; snapshot 2026-09-01; https://maps.austintexas.gov/arcgis/rest/services/LongRangeCIP/RNAProjects/MapServer/8,The source title explicitly says 'Points for display only'; suitable only as a project display location after governance review.
CANDIDATE / RESEARCH / NOT YET GOVERNED,watershed/5754.139,Onion Creek - Paces Mill Creek Flood Risk Reduction,Watershed,Watershed Protection,Watershed Protection,WPD CIP Projects (Points for display only),https://services.arcgis.com/0L95CJ0VTaxqcmED/arcgis/rest/services/WPD%20CIP%20Projects%20(Points%20for%20display%20only)/FeatureServer/0,1ccd6a4f4f424a73b3b99c82052b8fcb,WPD CIP Projects (Points for display only),0,293,City of Austin,point,source-native,2026-01-21,2024-08-05T17:17:21Z,YES_EXACT_SNAPSHOT_DATE,"YES_EXACT_SNAPSHOT_DATE: feature FME_DATE 2026-01-21T19:05:24.597000Z; geometry is a City display point, not an engineering footprint",governed CIP ID 5754.139; GIS CIP_ID 5754.139; GIS name Onion Creek - Paces Mill Creek Flood Risk Reduction,Exact three-decimal CIP/subproject identifier; official project display feature,HIGH,false,,true,ELIGIBLE_FOR_GOVERNANCE_REVIEW,OFFICIAL_PROJECT_DISPLAY_POINT,Capital Projects Explorer exact ID; row row-75kn_6yr7.m8sj; 1 shape(s) ['MultiPolygon']; updated 2026-08-19T13:46:06.522Z; https://capitalprojects.austintexas.gov/api/projects.json,The source title explicitly says 'Points for display only'; suitable only as a project display location after governance review.
CANDIDATE / RESEARCH / NOT YET GOVERNED,watershed/5754.145,Dry Creek North - Highland Hills Low Water Crossing Improvements,Watershed,Watershed Protection,Watershed Protection,WPD CIP Projects (Points for display only),https://services.arcgis.com/0L95CJ0VTaxqcmED/arcgis/rest/services/WPD%20CIP%20Projects%20(Points%20for%20display%20only)/FeatureServer/0,1ccd6a4f4f424a73b3b99c82052b8fcb,WPD CIP Projects (Points for display only),0,319,City of Austin,point,source-native,2026-01-21,2024-08-05T17:17:21Z,YES_EXACT_SNAPSHOT_DATE,"YES_EXACT_SNAPSHOT_DATE: feature FME_DATE 2026-01-21T19:05:24.634000Z; geometry is a City display point, not an engineering footprint",governed CIP ID 5754.145; GIS CIP_ID 5754.145; GIS name Dry Creek North - Highland Hills Low Water Crossing Improvements,Exact three-decimal CIP/subproject identifier; official project display feature,HIGH,false,,true,ELIGIBLE_FOR_GOVERNANCE_REVIEW,OFFICIAL_PROJECT_DISPLAY_POINT,Capital Projects Explorer exact ID; row row-enfr_bqcd_jmfr; 1 shape(s) ['MultiPolygon']; updated 2026-08-19T13:46:06.522Z; https://capitalprojects.austintexas.gov/api/projects.json,The source title explicitly says 'Points for display only'; suitable only as a project display location after governance review.
CANDIDATE / RESEARCH / NOT YET GOVERNED,watershed/5754.147,Boggy Creek - Corps Flood Control Channel Ecosystem Restoration,Watershed,Watershed Protection,Watershed Protection,WPD CIP Projects (Points for display only),https://services.arcgis.com/0L95CJ0VTaxqcmED/arcgis/rest/services/WPD%20CIP%20Projects%20(Points%20for%20display%20only)/FeatureServer/0,1ccd6a4f4f424a73b3b99c82052b8fcb,WPD CIP Projects (Points for display only),0,328,City of Austin,point,source-native,2026-01-21,2024-08-05T17:17:21Z,YES_EXACT_SNAPSHOT_DATE,"YES_EXACT_SNAPSHOT_DATE: feature FME_DATE 2026-01-21T19:05:24.635000Z; geometry is a City display point, not an engineering footprint",governed CIP ID 5754.147; GIS CIP_ID 5754.147; GIS name Boggy Creek - Corps Flood Control Channel Ecosystem Restoration,Exact three-decimal CIP/subproject identifier; official project display feature,HIGH,false,,true,ELIGIBLE_FOR_GOVERNANCE_REVIEW,OFFICIAL_PROJECT_DISPLAY_POINT,Capital Projects Explorer exact ID; row row-uzc7~kyvk_jx7u; 1 shape(s) ['MultiPolygon']; updated 2026-08-19T13:46:06.522Z; https://capitalprojects.austintexas.gov/api/projects.json,The source title explicitly says 'Points for display only'; suitable only as a project display location after governance review.
CANDIDATE / RESEARCH / NOT YET GOVERNED,watershed/5754.149,Country Club West - Riverside Farms Low Water Crossing Improvements Project,Watershed,Watershed Protection,Watershed Protection,WPD CIP Projects (Points for display only),https://services.arcgis.com/0L95CJ0VTaxqcmED/arcgis/rest/services/WPD%20CIP%20Projects%20(Points%20for%20display%20only)/FeatureServer/0,1ccd6a4f4f424a73b3b99c82052b8fcb,WPD CIP Projects (Points for display only),0,326,City of Austin,point,source-native,2026-01-21,2024-08-05T17:17:21Z,YES_EXACT_SNAPSHOT_DATE,"YES_EXACT_SNAPSHOT_DATE: feature FME_DATE 2026-01-21T19:05:24.635000Z; geometry is a City display point, not an engineering footprint",governed CIP ID 5754.149; GIS CIP_ID 5754.149; GIS name Country Club West - Riverside Farms Low Water Crossing Improvements Project,Exact three-decimal CIP/subproject identifier; official project display feature,HIGH,false,,false,ELIGIBLE_FOR_GOVERNANCE_REVIEW,OFFICIAL_PROJECT_DISPLAY_POINT,,The source title explicitly says 'Points for display only'; suitable only as a project display location after governance review.
CANDIDATE / RESEARCH / NOT YET GOVERNED,watershed/5789.075,"Waller Creek - Guadalupe St, W. 35-37th Storm Drain Improvements",Watershed,Watershed Protection,Watershed Protection,WPD CIP Projects (Points for display only),https://services.arcgis.com/0L95CJ0VTaxqcmED/arcgis/rest/services/WPD%20CIP%20Projects%20(Points%20for%20display%20only)/FeatureServer/0,1ccd6a4f4f424a73b3b99c82052b8fcb,WPD CIP Projects (Points for display only),0,291,City of Austin,point,source-native,2026-01-21,2024-08-05T17:17:21Z,YES_EXACT_SNAPSHOT_DATE,"YES_EXACT_SNAPSHOT_DATE: feature FME_DATE 2026-01-21T19:05:24.597000Z; geometry is a City display point, not an engineering footprint","governed CIP ID 5789.075; GIS CIP_ID 5789.075; GIS name Waller Creek - Guadalupe St, W. 35-37th Storm Drain Improvements",Exact three-decimal CIP/subproject identifier; official project display feature,HIGH,false,,true,ELIGIBLE_FOR_GOVERNANCE_REVIEW,OFFICIAL_PROJECT_DISPLAY_POINT,Capital Projects Explorer exact ID; row row-wqb3.tbc2-q3mx; 1 shape(s) ['MultiPolygon']; updated 2026-08-19T13:46:06.522Z; https://capitalprojects.austintexas.gov/api/projects.json | RNA Projects layer 8 exact ID; OBJECTID 165; esriGeometryPolygon; snapshot 2026-09-01; https://maps.austintexas.gov/arcgis/rest/services/LongRangeCIP/RNAProjects/MapServer/8,The source title explicitly says 'Points for display only'; suitable only as a project display location after governance review.
CANDIDATE / RESEARCH / NOT YET GOVERNED,watershed/5789.107,Barton Creek – Oak Park Local Flood Risk Reduction Project,Watershed,Watershed Protection,Watershed Protection,WPD CIP Projects (Points for display only),https://services.arcgis.com/0L95CJ0VTaxqcmED/arcgis/rest/services/WPD%20CIP%20Projects%20(Points%20for%20display%20only)/FeatureServer/0,1ccd6a4f4f424a73b3b99c82052b8fcb,WPD CIP Projects (Points for display only),0,240,City of Austin,point,source-native,2026-01-21,2024-08-05T17:17:21Z,YES_EXACT_SNAPSHOT_DATE,"YES_EXACT_SNAPSHOT_DATE: feature FME_DATE 2026-01-21T19:05:24.597000Z; geometry is a City display point, not an engineering footprint",governed CIP ID 5789.107; GIS CIP_ID 5789.107; GIS name Barton Creek – Oak Park Local Flood Risk Reduction Project,Exact three-decimal CIP/subproject identifier; official project display feature,HIGH,false,,true,ELIGIBLE_FOR_GOVERNANCE_REVIEW,OFFICIAL_PROJECT_DISPLAY_POINT,Capital Projects Explorer exact ID; row row-g4pu-99r7-jzmx; 1 shape(s) ['MultiPolygon']; updated 2026-08-19T13:46:06.522Z; https://capitalprojects.austintexas.gov/api/projects.json | RNA Projects layer 8 exact ID; OBJECTID 366; esriGeometryPolygon; snapshot 2026-09-01; https://maps.austintexas.gov/arcgis/rest/services/LongRangeCIP/RNAProjects/MapServer/8,The source title explicitly says 'Points for display only'; suitable only as a project display location after governance review.
CANDIDATE / RESEARCH / NOT YET GOVERNED,watershed/5789.121,Taylor Slough South - Warren St Storm Drain Improvements,Watershed,Watershed Protection,Watershed Protection,WPD CIP Projects (Points for display only),https://services.arcgis.com/0L95CJ0VTaxqcmED/arcgis/rest/services/WPD%20CIP%20Projects%20(Points%20for%20display%20only)/FeatureServer/0,1ccd6a4f4f424a73b3b99c82052b8fcb,WPD CIP Projects (Points for display only),0,220,City of Austin,point,source-native,2026-01-21,2024-08-05T17:17:21Z,YES_EXACT_SNAPSHOT_DATE,"YES_EXACT_SNAPSHOT_DATE: feature FME_DATE 2026-01-21T19:05:24.569000Z; geometry is a City display point, not an engineering footprint",governed CIP ID 5789.121; GIS CIP_ID 5789.121; GIS name Taylor Slough South - Warren St Storm Drain Improvements,Exact three-decimal CIP/subproject identifier; official project display feature,HIGH,false,,true,ELIGIBLE_FOR_GOVERNANCE_REVIEW,OFFICIAL_PROJECT_DISPLAY_POINT,Capital Projects Explorer exact ID; row row-6prk_7ysw~iq9t; 1 shape(s) ['MultiPolygon']; updated 2026-08-19T13:46:06.522Z; https://capitalprojects.austintexas.gov/api/projects.json | RNA Projects layer 8 exact ID; OBJECTID 234; esriGeometryPolygon; snapshot 2026-09-01; https://maps.austintexas.gov/arcgis/rest/services/LongRangeCIP/RNAProjects/MapServer/8,The source title explicitly says 'Points for display only'; suitable only as a project display location after governance review.
CANDIDATE / RESEARCH / NOT YET GOVERNED,watershed/5789.126,Walnut Creek - North Acres Storm Drain Improvements,Watershed,Watershed Protection,Watershed Protection,WPD CIP Projects (Points for display only),https://services.arcgis.com/0L95CJ0VTaxqcmED/arcgis/rest/services/WPD%20CIP%20Projects%20(Points%20for%20display%20only)/FeatureServer/0,1ccd6a4f4f424a73b3b99c82052b8fcb,WPD CIP Projects (Points for display only),0,208,City of Austin,point,source-native,2026-01-21,2024-08-05T17:17:21Z,YES_EXACT_SNAPSHOT_DATE,"YES_EXACT_SNAPSHOT_DATE: feature FME_DATE 2026-01-21T19:05:24.569000Z; geometry is a City display point, not an engineering footprint",governed CIP ID 5789.126; GIS CIP_ID 5789.126; GIS name Walnut Creek - North Acres Storm Drain Improvements,Exact three-decimal CIP/subproject identifier; official project display feature,HIGH,false,,true,ELIGIBLE_FOR_GOVERNANCE_REVIEW,OFFICIAL_PROJECT_DISPLAY_POINT,Capital Projects Explorer exact ID; row row-nq5w.nt72~bkcd; 1 shape(s) ['MultiPolygon']; updated 2026-08-19T13:46:06.522Z; https://capitalprojects.austintexas.gov/api/projects.json | RNA Projects layer 8 exact ID; OBJECTID 217; esriGeometryPolygon; snapshot 2026-09-01; https://maps.austintexas.gov/arcgis/rest/services/LongRangeCIP/RNAProjects/MapServer/8,The source title explicitly says 'Points for display only'; suitable only as a project display location after governance review.
CANDIDATE / RESEARCH / NOT YET GOVERNED,watershed/5789.127,"Zilker, Bluebonnet Hether, Water and Wastewater Pipeline Renewal",Watershed,Watershed Protection,Watershed Protection,WPD CIP Projects (Points for display only),https://services.arcgis.com/0L95CJ0VTaxqcmED/arcgis/rest/services/WPD%20CIP%20Projects%20(Points%20for%20display%20only)/FeatureServer/0,1ccd6a4f4f424a73b3b99c82052b8fcb,WPD CIP Projects (Points for display only),0,362,City of Austin,point,source-native,2026-01-21,2024-08-05T17:17:21Z,YES_EXACT_SNAPSHOT_DATE,"YES_EXACT_SNAPSHOT_DATE: feature FME_DATE 2026-01-21T19:05:24.635000Z; geometry is a City display point, not an engineering footprint",governed CIP ID 5789.127; GIS CIP_ID 5789.127; GIS name West Bouldin Creek -  Hether St. Stormdrain Improvements,Exact three-decimal CIP/subproject identifier; official project display feature,HIGH,true,"Exact CIP ID, but GIS name describes West Bouldin/Hether storm-drain work while the governed name describes a Zilker/Bluebonnet/Hether water-and-wastewater pipeline renewal; hold for identity/scope review.",true,HOLD_IDENTITY_SCOPE_REVIEW,OFFICIAL_PROJECT_DISPLAY_POINT,RNA Projects layer 8 exact ID; OBJECTID 379; esriGeometryPolygon; snapshot 2026-09-01; https://maps.austintexas.gov/arcgis/rest/services/LongRangeCIP/RNAProjects/MapServer/8,The source title explicitly says 'Points for display only'; suitable only as a project display location after governance review.
CANDIDATE / RESEARCH / NOT YET GOVERNED,watershed/5789.136,Slaughter Creek - Vassal Dr Storm Drain Improvements,Watershed,Watershed Protection,Watershed Protection,WPD CIP Projects (Points for display only),https://services.arcgis.com/0L95CJ0VTaxqcmED/arcgis/rest/services/WPD%20CIP%20Projects%20(Points%20for%20display%20only)/FeatureServer/0,1ccd6a4f4f424a73b3b99c82052b8fcb,WPD CIP Projects (Points for display only),0,198,City of Austin,point,source-native,2026-01-21,2024-08-05T17:17:21Z,YES_EXACT_SNAPSHOT_DATE,"YES_EXACT_SNAPSHOT_DATE: feature FME_DATE 2026-01-21T19:05:24.514000Z; geometry is a City display point, not an engineering footprint",governed CIP ID 5789.136; GIS CIP_ID 5789.136; GIS name Slaughter Creek - Vassal Dr Storm Drain Improvements,Exact three-decimal CIP/subproject identifier; official project display feature,HIGH,false,,true,ELIGIBLE_FOR_GOVERNANCE_REVIEW,OFFICIAL_PROJECT_DISPLAY_POINT,Capital Projects Explorer exact ID; row row-prxh.68sw~32yp; 1 shape(s) ['MultiPolygon']; updated 2026-08-19T13:46:06.522Z; https://capitalprojects.austintexas.gov/api/projects.json,The source title explicitly says 'Points for display only'; suitable only as a project display location after governance review.
CANDIDATE / RESEARCH / NOT YET GOVERNED,watershed/5789.139,Walnut Creek - West Cow Path Flood Risk Reduction,Watershed,Watershed Protection,Watershed Protection,WPD CIP Projects (Points for display only),https://services.arcgis.com/0L95CJ0VTaxqcmED/arcgis/rest/services/WPD%20CIP%20Projects%20(Points%20for%20display%20only)/FeatureServer/0,1ccd6a4f4f424a73b3b99c82052b8fcb,WPD CIP Projects (Points for display only),0,276,City of Austin,point,source-native,2026-01-21,2024-08-05T17:17:21Z,YES_EXACT_SNAPSHOT_DATE,"YES_EXACT_SNAPSHOT_DATE: feature FME_DATE 2026-01-21T19:05:24.597000Z; geometry is a City display point, not an engineering footprint",governed CIP ID 5789.139; GIS CIP_ID 5789.139; GIS name Walnut Creek - West Cow Path Flood Risk Reduction,Exact three-decimal CIP/subproject identifier; official project display feature,HIGH,false,,false,ELIGIBLE_FOR_GOVERNANCE_REVIEW,OFFICIAL_PROJECT_DISPLAY_POINT,,The source title explicitly says 'Points for display only'; suitable only as a project display location after governance review.
CANDIDATE / RESEARCH / NOT YET GOVERNED,watershed/5789.141,Boggy Creek - Oakwood Cemetery Storm Drain Improvements,Watershed,Watershed Protection,Watershed Protection,WPD CIP Projects (Points for display only),https://services.arcgis.com/0L95CJ0VTaxqcmED/arcgis/rest/services/WPD%20CIP%20Projects%20(Points%20for%20display%20only)/FeatureServer/0,1ccd6a4f4f424a73b3b99c82052b8fcb,WPD CIP Projects (Points for display only),0,277,City of Austin,point,source-native,2026-01-21,2024-08-05T17:17:21Z,YES_EXACT_SNAPSHOT_DATE,"YES_EXACT_SNAPSHOT_DATE: feature FME_DATE 2026-01-21T19:05:24.597000Z; geometry is a City display point, not an engineering footprint",governed CIP ID 5789.141; GIS CIP_ID 5789.141; GIS name Boggy Creek - Oakwood Cemetery Storm Drain Improvements,Exact three-decimal CIP/subproject identifier; official project display feature,HIGH,false,,true,ELIGIBLE_FOR_GOVERNANCE_REVIEW,OFFICIAL_PROJECT_DISPLAY_POINT,Capital Projects Explorer exact ID; row row-gpzi~yqru-4sx5; 1 shape(s) ['MultiPolygon']; updated 2026-08-19T13:46:06.522Z; https://capitalprojects.austintexas.gov/api/projects.json,The source title explicitly says 'Points for display only'; suitable only as a project display location after governance review.
CANDIDATE / RESEARCH / NOT YET GOVERNED,watershed/5789.145,Williamson Creek - Brassiewood Dr Ph 3 Neighborhood Stormdrain Improvements,Watershed,Watershed Protection,Watershed Protection,WPD CIP Projects (Points for display only),https://services.arcgis.com/0L95CJ0VTaxqcmED/arcgis/rest/services/WPD%20CIP%20Projects%20(Points%20for%20display%20only)/FeatureServer/0,1ccd6a4f4f424a73b3b99c82052b8fcb,WPD CIP Projects (Points for display only),0,320,City of Austin,point,source-native,2026-01-21,2024-08-05T17:17:21Z,YES_EXACT_SNAPSHOT_DATE,"YES_EXACT_SNAPSHOT_DATE: feature FME_DATE 2026-01-21T19:05:24.634000Z; geometry is a City display point, not an engineering footprint",governed CIP ID 5789.145; GIS CIP_ID 5789.145; GIS name Williamson Creek - Brassiewood Dr Ph 3 Neighborhood Stormdrain Improvements,Exact three-decimal CIP/subproject identifier; official project display feature,HIGH,false,,false,ELIGIBLE_FOR_GOVERNANCE_REVIEW,OFFICIAL_PROJECT_DISPLAY_POINT,,The source title explicitly says 'Points for display only'; suitable only as a project display location after governance review.
CANDIDATE / RESEARCH / NOT YET GOVERNED,watershed/5789.146,East Bouldin - Annie Street Flood Risk Reduction Project - Phase 2,Watershed,Watershed Protection,Watershed Protection,WPD CIP Projects (Points for display only),https://services.arcgis.com/0L95CJ0VTaxqcmED/arcgis/rest/services/WPD%20CIP%20Projects%20(Points%20for%20display%20only)/FeatureServer/0,1ccd6a4f4f424a73b3b99c82052b8fcb,WPD CIP Projects (Points for display only),0,332,City of Austin,point,source-native,2026-01-21,2024-08-05T17:17:21Z,YES_EXACT_SNAPSHOT_DATE,"YES_EXACT_SNAPSHOT_DATE: feature FME_DATE 2026-01-21T19:05:24.635000Z; geometry is a City display point, not an engineering footprint",governed CIP ID 5789.146; GIS CIP_ID 5789.146; GIS name East Bouldin - Annie Street Flood Risk Reduction Project - Phase 2,Exact three-decimal CIP/subproject identifier; official project display feature,HIGH,false,,false,ELIGIBLE_FOR_GOVERNANCE_REVIEW,OFFICIAL_PROJECT_DISPLAY_POINT,,The source title explicitly says 'Points for display only'; suitable only as a project display location after governance review.
CANDIDATE / RESEARCH / NOT YET GOVERNED,watershed/5789.150,Lady Bird Lake – Citywide Storm Drain Renewal Program – Phase 1,Watershed,Watershed Protection,Watershed Protection,WPD CIP Projects (Points for display only),https://services.arcgis.com/0L95CJ0VTaxqcmED/arcgis/rest/services/WPD%20CIP%20Projects%20(Points%20for%20display%20only)/FeatureServer/0,1ccd6a4f4f424a73b3b99c82052b8fcb,WPD CIP Projects (Points for display only),0,364,City of Austin,point,source-native,2026-01-21,2024-08-05T17:17:21Z,YES_EXACT_SNAPSHOT_DATE,"YES_EXACT_SNAPSHOT_DATE: feature FME_DATE 2026-01-21T19:05:24.635000Z; geometry is a City display point, not an engineering footprint",governed CIP ID 5789.150; GIS CIP_ID 5789.15; GIS name Lady Bird Lake – Citywide Storm Drain Renewal Program – Phase 1,Exact three-decimal CIP/subproject identifier; official project display feature,HIGH,true,"The official point is valid source evidence, but the decision unit is a citywide renewal program; a single point could imply false geographic precision without an approved display-semantic rule.",true,HOLD_DISPLAY_SEMANTICS_REVIEW,OFFICIAL_PROJECT_DISPLAY_POINT,Capital Projects Explorer exact ID; row row-t929~whub.f8df; 1 shape(s) ['MultiPolygon']; updated 2026-08-19T13:46:06.522Z; https://capitalprojects.austintexas.gov/api/projects.json,The source title explicitly says 'Points for display only'; suitable only as a project display location after governance review.
CANDIDATE / RESEARCH / NOT YET GOVERNED,watershed/5848.053,Boggy Creek - Clarkson Tributary Rehabilitation,Watershed,Watershed Protection,Watershed Protection,WPD CIP Projects (Points for display only),https://services.arcgis.com/0L95CJ0VTaxqcmED/arcgis/rest/services/WPD%20CIP%20Projects%20(Points%20for%20display%20only)/FeatureServer/0,1ccd6a4f4f424a73b3b99c82052b8fcb,WPD CIP Projects (Points for display only),0,249,City of Austin,point,source-native,2026-01-21,2024-08-05T17:17:21Z,YES_EXACT_SNAPSHOT_DATE,"YES_EXACT_SNAPSHOT_DATE: feature FME_DATE 2026-01-21T19:05:24.597000Z; geometry is a City display point, not an engineering footprint",governed CIP ID 5848.053; GIS CIP_ID 5848.053; GIS name Boggy Creek - Clarkson Tributary Rehabilitation,Exact three-decimal CIP/subproject identifier; official project display feature,HIGH,false,,true,ELIGIBLE_FOR_GOVERNANCE_REVIEW,OFFICIAL_PROJECT_DISPLAY_POINT,Capital Projects Explorer exact ID; row row-8mrb-frmc_jyjq; 1 shape(s) ['MultiPolygon']; updated 2026-08-19T13:46:06.522Z; https://capitalprojects.austintexas.gov/api/projects.json | RNA Projects layer 8 exact ID; OBJECTID 140; esriGeometryPolygon; snapshot 2026-09-01; https://maps.austintexas.gov/arcgis/rest/services/LongRangeCIP/RNAProjects/MapServer/8,The source title explicitly says 'Points for display only'; suitable only as a project display location after governance review.
CANDIDATE / RESEARCH / NOT YET GOVERNED,watershed/5848.070,Shoal Creek - Grover Channel Stabilization (from Brentwood PER),Watershed,Watershed Protection,Watershed Protection,WPD CIP Projects (Points for display only),https://services.arcgis.com/0L95CJ0VTaxqcmED/arcgis/rest/services/WPD%20CIP%20Projects%20(Points%20for%20display%20only)/FeatureServer/0,1ccd6a4f4f424a73b3b99c82052b8fcb,WPD CIP Projects (Points for display only),0,329,City of Austin,point,source-native,2026-01-21,2024-08-05T17:17:21Z,YES_EXACT_SNAPSHOT_DATE,"YES_EXACT_SNAPSHOT_DATE: feature FME_DATE 2026-01-21T19:05:24.635000Z; geometry is a City display point, not an engineering footprint",governed CIP ID 5848.070; GIS CIP_ID 5848.07; GIS name Shoal Creek - Grover Channel Stabilization (from Brentwood PER),Exact three-decimal CIP/subproject identifier; official project display feature,HIGH,false,,false,ELIGIBLE_FOR_GOVERNANCE_REVIEW,OFFICIAL_PROJECT_DISPLAY_POINT,,The source title explicitly says 'Points for display only'; suitable only as a project display location after governance review.
CANDIDATE / RESEARCH / NOT YET GOVERNED,watershed/5848.071,Walnut Creek - Wells Branch Willow Bend Stream Restoration,Watershed,Watershed Protection,Watershed Protection,WPD CIP Projects (Points for display only),https://services.arcgis.com/0L95CJ0VTaxqcmED/arcgis/rest/services/WPD%20CIP%20Projects%20(Points%20for%20display%20only)/FeatureServer/0,1ccd6a4f4f424a73b3b99c82052b8fcb,WPD CIP Projects (Points for display only),0,216,City of Austin,point,source-native,2026-01-21,2024-08-05T17:17:21Z,YES_EXACT_SNAPSHOT_DATE,"YES_EXACT_SNAPSHOT_DATE: feature FME_DATE 2026-01-21T19:05:24.569000Z; geometry is a City display point, not an engineering footprint",governed CIP ID 5848.071; GIS CIP_ID 5848.071; GIS name Walnut Creek - Wells Branch Willow Bend Stream Restoration,Exact three-decimal CIP/subproject identifier; official project display feature,HIGH,false,,true,ELIGIBLE_FOR_GOVERNANCE_REVIEW,OFFICIAL_PROJECT_DISPLAY_POINT,Capital Projects Explorer exact ID; row row-nx3b~vzek_xyv7; 1 shape(s) ['MultiPolygon']; updated 2026-08-19T13:46:06.522Z; https://capitalprojects.austintexas.gov/api/projects.json | RNA Projects layer 8 exact ID; OBJECTID 48; esriGeometryPolygon; snapshot 2026-09-01; https://maps.austintexas.gov/arcgis/rest/services/LongRangeCIP/RNAProjects/MapServer/8,The source title explicitly says 'Points for display only'; suitable only as a project display location after governance review.
CANDIDATE / RESEARCH / NOT YET GOVERNED,watershed/5848.087,Barton Creek Tributary - Sunken Gardens Erosion Protection,Watershed,Watershed Protection,Watershed Protection,WPD CIP Projects (Points for display only),https://services.arcgis.com/0L95CJ0VTaxqcmED/arcgis/rest/services/WPD%20CIP%20Projects%20(Points%20for%20display%20only)/FeatureServer/0,1ccd6a4f4f424a73b3b99c82052b8fcb,WPD CIP Projects (Points for display only),0,292,City of Austin,point,source-native,2026-01-21,2024-08-05T17:17:21Z,YES_EXACT_SNAPSHOT_DATE,"YES_EXACT_SNAPSHOT_DATE: feature FME_DATE 2026-01-21T19:05:24.597000Z; geometry is a City display point, not an engineering footprint",governed CIP ID 5848.087; GIS CIP_ID 5848.087; GIS name Barton Creek Tributary - Sunken Gardens Erosion Protection,Exact three-decimal CIP/subproject identifier; official project display feature,HIGH,false,,true,ELIGIBLE_FOR_GOVERNANCE_REVIEW,OFFICIAL_PROJECT_DISPLAY_POINT,Capital Projects Explorer exact ID; row row-ek3w_ft7e-jzfa; 1 shape(s) ['MultiPolygon']; updated 2026-08-19T13:46:06.522Z; https://capitalprojects.austintexas.gov/api/projects.json,The source title explicitly says 'Points for display only'; suitable only as a project display location after governance review.
CANDIDATE / RESEARCH / NOT YET GOVERNED,watershed/5848.091,Walnut Creek - Eubank Tributary Stream Stabilization,Watershed,Watershed Protection,Watershed Protection,WPD CIP Projects (Points for display only),https://services.arcgis.com/0L95CJ0VTaxqcmED/arcgis/rest/services/WPD%20CIP%20Projects%20(Points%20for%20display%20only)/FeatureServer/0,1ccd6a4f4f424a73b3b99c82052b8fcb,WPD CIP Projects (Points for display only),0,316,City of Austin,point,source-native,2026-01-21,2024-08-05T17:17:21Z,YES_EXACT_SNAPSHOT_DATE,"YES_EXACT_SNAPSHOT_DATE: feature FME_DATE 2026-01-21T19:05:24.634000Z; geometry is a City display point, not an engineering footprint",governed CIP ID 5848.091; GIS CIP_ID 5848.091; GIS name Walnut Creek - Eubank Tributary Stream Stabilization,Exact three-decimal CIP/subproject identifier; official project display feature,HIGH,false,,true,ELIGIBLE_FOR_GOVERNANCE_REVIEW,OFFICIAL_PROJECT_DISPLAY_POINT,Capital Projects Explorer exact ID; row row-nkw9~8zry_v8mp; 1 shape(s) ['MultiPolygon']; updated 2026-08-19T13:46:06.522Z; https://capitalprojects.austintexas.gov/api/projects.json,The source title explicitly says 'Points for display only'; suitable only as a project display location after governance review.
CANDIDATE / RESEARCH / NOT YET GOVERNED,watershed/5848.092,Little Walnut Creek - Loyola Lane & Dottie Jordan Park Stream Stabilization,Watershed,Watershed Protection,Watershed Protection,WPD CIP Projects (Points for display only),https://services.arcgis.com/0L95CJ0VTaxqcmED/arcgis/rest/services/WPD%20CIP%20Projects%20(Points%20for%20display%20only)/FeatureServer/0,1ccd6a4f4f424a73b3b99c82052b8fcb,WPD CIP Projects (Points for display only),0,324,City of Austin,point,source-native,2026-01-21,2024-08-05T17:17:21Z,YES_EXACT_SNAPSHOT_DATE,"YES_EXACT_SNAPSHOT_DATE: feature FME_DATE 2026-01-21T19:05:24.634000Z; geometry is a City display point, not an engineering footprint",governed CIP ID 5848.092; GIS CIP_ID 5848.092; GIS name Little Walnut Creek - Loyola Lane & Dottie Jordan Park Stream Stabilization,Exact three-decimal CIP/subproject identifier; official project display feature,HIGH,false,,true,ELIGIBLE_FOR_GOVERNANCE_REVIEW,OFFICIAL_PROJECT_DISPLAY_POINT,Capital Projects Explorer exact ID; row row-n4b7.qfgx.kc44; 1 shape(s) ['MultiPolygon']; updated 2026-08-19T13:46:06.522Z; https://capitalprojects.austintexas.gov/api/projects.json,The source title explicitly says 'Points for display only'; suitable only as a project display location after governance review.
CANDIDATE / RESEARCH / NOT YET GOVERNED,watershed/6039.109,Shoal Creek - Brentwood Integrated Drainage Improvements,Watershed,Watershed Protection,Watershed Protection,WPD CIP Projects (Points for display only),https://services.arcgis.com/0L95CJ0VTaxqcmED/arcgis/rest/services/WPD%20CIP%20Projects%20(Points%20for%20display%20only)/FeatureServer/0,1ccd6a4f4f424a73b3b99c82052b8fcb,WPD CIP Projects (Points for display only),0,219,City of Austin,point,source-native,2026-01-21,2024-08-05T17:17:21Z,YES_EXACT_SNAPSHOT_DATE,"YES_EXACT_SNAPSHOT_DATE: feature FME_DATE 2026-01-21T19:05:24.569000Z; geometry is a City display point, not an engineering footprint",governed CIP ID 6039.109; GIS CIP_ID 6039.109; GIS name Shoal Creek - Brentwood Integrated Drainage Improvements,Exact three-decimal CIP/subproject identifier; official project display feature,HIGH,false,,true,ELIGIBLE_FOR_GOVERNANCE_REVIEW,OFFICIAL_PROJECT_DISPLAY_POINT,RNA Projects layer 8 exact ID; OBJECTID 339; esriGeometryPolygon; snapshot 2026-09-01; https://maps.austintexas.gov/arcgis/rest/services/LongRangeCIP/RNAProjects/MapServer/8,The source title explicitly says 'Points for display only'; suitable only as a project display location after governance review.
CANDIDATE / RESEARCH / NOT YET GOVERNED,watershed/7492.011,Walnut Creek - Duval East and Duval West Dam Modernization,Watershed,Watershed Protection,Watershed Protection,WPD CIP Projects (Points for display only),https://services.arcgis.com/0L95CJ0VTaxqcmED/arcgis/rest/services/WPD%20CIP%20Projects%20(Points%20for%20display%20only)/FeatureServer/0,1ccd6a4f4f424a73b3b99c82052b8fcb,WPD CIP Projects (Points for display only),0,230,City of Austin,point,source-native,2026-01-21,2024-08-05T17:17:21Z,YES_EXACT_SNAPSHOT_DATE,"YES_EXACT_SNAPSHOT_DATE: feature FME_DATE 2026-01-21T19:05:24.569000Z; geometry is a City display point, not an engineering footprint",governed CIP ID 7492.011; GIS CIP_ID 7492.011; GIS name Walnut Creek - Duval East and Duval West Dam Modernization,Exact three-decimal CIP/subproject identifier; official project display feature,HIGH,false,,true,ELIGIBLE_FOR_GOVERNANCE_REVIEW,OFFICIAL_PROJECT_DISPLAY_POINT,Capital Projects Explorer exact ID; row row-qnfh~4hut-3e8k; 1 shape(s) ['MultiPolygon']; updated 2026-08-19T13:46:06.522Z; https://capitalprojects.austintexas.gov/api/projects.json | RNA Projects layer 8 exact ID; OBJECTID 498; esriGeometryPolygon; snapshot 2026-09-01; https://maps.austintexas.gov/arcgis/rest/services/LongRangeCIP/RNAProjects/MapServer/8,The source title explicitly says 'Points for display only'; suitable only as a project display location after governance review.
CANDIDATE / RESEARCH / NOT YET GOVERNED,watershed/7492.032,Shoal Creek - Northwest Park Dam Rehabilitation and Modernization,Watershed,Watershed Protection,Watershed Protection,WPD CIP Projects (Points for display only),https://services.arcgis.com/0L95CJ0VTaxqcmED/arcgis/rest/services/WPD%20CIP%20Projects%20(Points%20for%20display%20only)/FeatureServer/0,1ccd6a4f4f424a73b3b99c82052b8fcb,WPD CIP Projects (Points for display only),0,211,City of Austin,point,source-native,2026-01-21,2024-08-05T17:17:21Z,YES_EXACT_SNAPSHOT_DATE,"YES_EXACT_SNAPSHOT_DATE: feature FME_DATE 2026-01-21T19:05:24.569000Z; geometry is a City display point, not an engineering footprint",governed CIP ID 7492.032; GIS CIP_ID 7492.032; GIS name Shoal Creek - Northwest Park Dam Rehabilitation and Modernization,Exact three-decimal CIP/subproject identifier; official project display feature,HIGH,false,,true,ELIGIBLE_FOR_GOVERNANCE_REVIEW,OFFICIAL_PROJECT_DISPLAY_POINT,Capital Projects Explorer exact ID; row row-mzne-sr7d.x7ad; 1 shape(s) ['MultiPolygon']; updated 2026-08-19T13:46:06.522Z; https://capitalprojects.austintexas.gov/api/projects.json | RNA Projects layer 8 exact ID; OBJECTID 197; esriGeometryPolygon; snapshot 2026-09-01; https://maps.austintexas.gov/arcgis/rest/services/LongRangeCIP/RNAProjects/MapServer/8,The source title explicitly says 'Points for display only'; suitable only as a project display location after governance review.
CANDIDATE / RESEARCH / NOT YET GOVERNED,watershed/7492.045,Bull Creek - Bintliff Dr Dam Modernization,Watershed,Watershed Protection,Watershed Protection,WPD CIP Projects (Points for display only),https://services.arcgis.com/0L95CJ0VTaxqcmED/arcgis/rest/services/WPD%20CIP%20Projects%20(Points%20for%20display%20only)/FeatureServer/0,1ccd6a4f4f424a73b3b99c82052b8fcb,WPD CIP Projects (Points for display only),0,333,City of Austin,point,source-native,2026-01-21,2024-08-05T17:17:21Z,YES_EXACT_SNAPSHOT_DATE,"YES_EXACT_SNAPSHOT_DATE: feature FME_DATE 2026-01-21T19:05:24.635000Z; geometry is a City display point, not an engineering footprint",governed CIP ID 7492.045; GIS CIP_ID 7492.045; GIS name Bull Creek - Bintliff Dr Dam Modernization,Exact three-decimal CIP/subproject identifier; official project display feature,HIGH,false,,false,ELIGIBLE_FOR_GOVERNANCE_REVIEW,OFFICIAL_PROJECT_DISPLAY_POINT,,The source title explicitly says 'Points for display only'; suitable only as a project display location after governance review.
CANDIDATE / RESEARCH / NOT YET GOVERNED,watershed/8598.014,Boggy Creek - MLK TOD Stormwater Conveyance Improvements Phase 3,Watershed,Watershed Protection,Watershed Protection,WPD CIP Projects (Points for display only),https://services.arcgis.com/0L95CJ0VTaxqcmED/arcgis/rest/services/WPD%20CIP%20Projects%20(Points%20for%20display%20only)/FeatureServer/0,1ccd6a4f4f424a73b3b99c82052b8fcb,WPD CIP Projects (Points for display only),0,267,City of Austin,point,source-native,2026-01-21,2024-08-05T17:17:21Z,YES_EXACT_SNAPSHOT_DATE,"YES_EXACT_SNAPSHOT_DATE: feature FME_DATE 2026-01-21T19:05:24.597000Z; geometry is a City display point, not an engineering footprint",governed CIP ID 8598.014; GIS CIP_ID 8598.014; GIS name Boggy Creek - MLK TOD Stormwater Conveyance Improvements Phase 3,Exact three-decimal CIP/subproject identifier; official project display feature,HIGH,false,,true,ELIGIBLE_FOR_GOVERNANCE_REVIEW,OFFICIAL_PROJECT_DISPLAY_POINT,Capital Projects Explorer exact ID; row row-nnh9~as5r.b3qw; 1 shape(s) ['MultiPolygon']; updated 2026-08-19T13:46:06.522Z; https://capitalprojects.austintexas.gov/api/projects.json,The source title explicitly says 'Points for display only'; suitable only as a project display location after governance review.
CANDIDATE / RESEARCH / NOT YET GOVERNED,watershed/9999.235,Walnut Creek - Oak Creek Drive Low Water Crossing,Watershed,Watershed Protection,Watershed Protection,WPD CIP Projects (Points for display only),https://services.arcgis.com/0L95CJ0VTaxqcmED/arcgis/rest/services/WPD%20CIP%20Projects%20(Points%20for%20display%20only)/FeatureServer/0,1ccd6a4f4f424a73b3b99c82052b8fcb,WPD CIP Projects (Points for display only),0,323,City of Austin,point,source-native,2026-01-21,2024-08-05T17:17:21Z,YES_EXACT_SNAPSHOT_DATE,"YES_EXACT_SNAPSHOT_DATE: feature FME_DATE 2026-01-21T19:05:24.634000Z; geometry is a City display point, not an engineering footprint","governed CIP ID 9999.235; GIS CIP_ID 9999.235; GIS name Walnut Creek - Oak Creek Drive Low Water Crossing
",Exact three-decimal CIP/subproject identifier; official project display feature,HIGH,false,,false,ELIGIBLE_FOR_GOVERNANCE_REVIEW,OFFICIAL_PROJECT_DISPLAY_POINT,,The source title explicitly says 'Points for display only'; suitable only as a project display location after governance review.
CANDIDATE / RESEARCH / NOT YET GOVERNED,watershed/9999.236,"Johnson Creek - 11th, 12th & Meridian St Low Water Crossings",Watershed,Watershed Protection,Watershed Protection,WPD CIP Projects (Points for display only),https://services.arcgis.com/0L95CJ0VTaxqcmED/arcgis/rest/services/WPD%20CIP%20Projects%20(Points%20for%20display%20only)/FeatureServer/0,1ccd6a4f4f424a73b3b99c82052b8fcb,WPD CIP Projects (Points for display only),0,322,City of Austin,point,source-native,2026-01-21,2024-08-05T17:17:21Z,YES_EXACT_SNAPSHOT_DATE,"YES_EXACT_SNAPSHOT_DATE: feature FME_DATE 2026-01-21T19:05:24.634000Z; geometry is a City display point, not an engineering footprint","governed CIP ID 9999.236; GIS CIP_ID 9999.236; GIS name Johnson Creek - 11th, 12th & Meridian St Low Water Crossings
",Exact three-decimal CIP/subproject identifier; official project display feature,HIGH,false,,false,ELIGIBLE_FOR_GOVERNANCE_REVIEW,OFFICIAL_PROJECT_DISPLAY_POINT,,The source title explicitly says 'Points for display only'; suitable only as a project display location after governance review.
